,Unnamed: 0,text_id,text,task_1,task_2,label
3476,3476,hasoc_de_3477,ğŸ‡©ğŸ‡ª #Volkspartei'en #CDU und #SPD im AbwÃ¤rtstrend.  Kleinere #Opposition'sparteien im Aufwind.  #Deutschland #EuropaWahl2019 #EUelections2019 #EP2019 #Germany https://t.co/aafrD6unX3,NOT,NONE,2
2933,2933,hasoc_de_2934,@Hartes_Geld Drecks Hurenkinder Pack.,HOF,PRFN,1
1738,1738,hasoc_de_1739,Fressen fÃ¼r DeutschlandğŸ˜¡ğŸ˜¡  â€Bislang arbeitet niemand in der groÃŸen Familie. Die Familie bekommt vom Amt -nach Angaben von Vater Abboud- insgesamt 3785 Euro. Zusammengesetzt aus Hartz IV und Kindergeld. Die Miete fÃ¼r die Wohnungen zahlt der Staat.â€œ https://t.co/3ahKinrlkz.. https://t.co/pWeZCY6qwZ,HOF,PRFN,1
1233,1233,hasoc_de_1234,Hardcore-Sozi @Ralf_Stegner Ist immer noch ein Zugpferd: In Dannenberg lockte er immerhin 8 Menschen hervor! https://t.co/JESwOtP3jz,HOF,OFFN,1
2712,2712,hasoc_de_2713,"Diesen #Frauen muss geholfen werden, nicht den Testosteron gesteuerten #Taharrush LÃ¼mmeln... https://t.co/nFh0ah08Kh",HOF,HATE,0
2201,2201,hasoc_de_2202,"Habe die GeldbÃ¶rse von einem Syrer gefunden. Hab sie behalten, ist ja schlieÃŸlich mein Geld. https://t.co/2dxoRXcTQu",HOF,HATE,0
1710,1710,hasoc_de_1711,Neues aus der Kategorie... echt KRANKER ScheiÃŸ im 'Wessi'-LandğŸ¤”ğŸ˜¡     Die U17-Mannschaft des TuS Binzen feiert ihren Aufstieg in die Landesliga ohne Steak und Wurst. Aus #KlimaschutzgrÃ¼nden gibt es CrÃªpes. Das Team will damit ein Zeichen setzen.   https://t.co/AmGgkvW5MS.. https://t.co/fOW89odBp8,HOF,PRFN,1
3571,3571,hasoc_de_3572,"@FinjaFinte @annevanhalen Da hilft nur , noch mehr unkultivierte Muslime ins Land zu lassen ğŸ™ˆğŸ™ˆğŸ™ˆ",HOF,HATE,0
2292,2292,hasoc_de_2293,"Brutale Ehrlichkeit in Wien: Mordserie an Frauen als Folge der Migrationskrise festgestellt. Extreme Frauenfeindlichkeit, Antisemitismus und radikaler Islamismus wurden mit 'FlÃ¼chtlingen' importiert.  https://t.co/9DZ8apeAAS",HOF,HATE,0
3315,3315,hasoc_de_3316,"Das kommt davon, wenn die GrÃ¼nen-WÃ¤hler*innen immer mehr werden: Vegetarier, Veganer, EssgestÃ¶rte, denen aufgrund mangelhafter ErnÃ¤hrung die Haare ausfallen, dadurch noch unattraktiver werden, die BrÃ¼ste nicht weiter wachsen. Die Kehrseite der Medaille. Keine schÃ¶nen Aussichten. https://t.co/0Zt5dvHAQj",HOF,OFFN,1
116,116,hasoc_de_117,"Von was trÃ¤umt die Nachts? Ist ihr nicht bewuÃŸt, das Amazon ein Gigant ist und sie nur eine kleine dumme GRÃœNE? GrÃ¶ÃŸenwahn ist ihr Metier!  Katrin GÃ¶ring-Eckardt: Mit Drei-Punkte-Plan - GrÃ¼ne wollen Amazon Waren-Vernichtung verbieten https://t.co/R5LfUTOJJd via @focusonline",HOF,OFFN,1
66,66,hasoc_de_67,"@ArasBacho Wer hat dem kriminellen Grapscher das geschrieben? So viel IQ hat der nicht, dass der auch nur einen Satz fehlerfrei schreiben kann.",HOF,OFFN,1
2492,2492,hasoc_de_2493,"Meine Rede zur TaschengelderhÃ¶hung auf 150â‚¬ fÃ¼r ausreisepflichtige Asylbewerber. Wer will noch leben wie Gott in Frankreich, wenn er als Asylbewerber in Deutschland leben kann?    https://t.co/L4gGQDmjbR",HOF,HATE,0
1149,1149,hasoc_de_1150,"Kinder werden zu Denunzianten erzogen und gegen Eltern aufgehetzt: Wenn sie #Klima-SÃ¼nden der Eltern aufdecken, winkt zur Belohnung der 'Klima-FÃ¼hrerschein'.  https://t.co/Tbpxlcz9e8 #Klimaspinner",NOT,NONE,2
3019,3019,hasoc_de_3020,"@Hartes_Geld @ibikus31 solche SATANSBRATEN!! haut doch ab und kÃ¤mpft in EUREN LÃ¤ndern im KRiEG fÃ¼r eire frauen, eure land usw und NICHT unschuldige die NIX getan haben!!! od genieÃŸt den Frieden weshalb ihr ja angeblich her kommen seids und BENEHMT euch wie MENSCHEN und NICHT wie TIERE!! ğŸ˜¡ğŸ˜ ğŸ˜¡ğŸ˜ ğŸ˜¡ğŸ˜ ",HOF,OFFN,1
2095,2095,hasoc_de_2096,"Albert Schweitzer Ã¼ber die afrikanische Herrenrasseâ€¦â€Nie Sie als sozial Gleichgestellte akzeptieren, oder sie werden Dich fressen. Sie werden DichÂ zerstÃ¶ren.â€œ https://t.co/RXZQKxV3bw https://t.co/wkjqxrZyvo",NOT,NONE,2
2486,2486,hasoc_de_2487,"In der HÃ¶lle sitzt Erich Mielke und weint bitterlich. Die Kapitalisten haben alles, wovon er immer trÃ¤umte, und die Leute holen es sich sogar freiwillig in die Wohnung. #Alexa",NOT,NONE,2
1967,1967,hasoc_de_1968,"Ich verstehe die Aufregung um #Brunei nicht: Der Sultan versichert doch, dass die #Scharia strikt eingehalten wird.  AuÃŸerdem urteilen nur MÃ¤nner von â€hohem moralischem Rang und FrÃ¶mmigkeitâ€œ Ã¼ber die Steinigung von Schwulen.  https://t.co/xIFoNSojiN",HOF,OFFN,1
2342,2342,hasoc_de_2343,"Afrikas BevÃ¶lkerung wird sich bis 2050 verdoppeln. Reicht das, um an eine Invasion aus dem SÃ¼den zu glauben?! Was helfen kÃ¶nnte, ist endlich Geburtenkontrolle zu fÃ¶rdern! DafÃ¼r brÃ¤uchten wir Experten, die kÃ¶nnen sich dann nennen, wie sie wollen! #afd https://t.co/szilUy4dmJ",HOF,HATE,0
1996,1996,hasoc_de_1997,FU** the #Islam !! https://t.co/jsbcOWLO8T,HOF,HATE,0
1947,1947,hasoc_de_1948,Frei nach Georg Orwell     https://t.co/2DiNa1YLQs,NOT,NONE,2
2003,2003,hasoc_de_2004,Hier ist die Ursache von den Selbstmordattentaten kurz erklÃ¤rt.     72 Jungfrauen im Paradies sind von Allah verheiÃŸen. https://t.co/4wnYYXqjS3,HOF,HATE,0
2281,2281,hasoc_de_2282,"Guten Morgen ğŸ‡©ğŸ‡ª!  Der vermutliche Plan der Kanzlerdarstellerin, den unsÃ¤glichen #Migrationspakt  sowohl unter dem Radar der Ã–ffentlichkeit als auch ihrer eigenen Partei  durchsegeln zu lassen, ist dank der AufklÃ¤rungsarbeit der #AfD krachend gescheitert.  â¡ï¸ https://t.co/0v8J2a7M14 https://t.co/w0QfyVvLvV",NOT,NONE,2
2310,2310,hasoc_de_2311,DWN: Europas Banken kommen mit Abbau fauler Kredite langsam voran: Der Anteil ausfallgefÃ¤hrdeter Kredite in den Bilanzen europÃ¤ischer Banken sank zwischen 2017 und 2018 spÃ¼rbar. In einigen LÃ¤ndern existieren aber noch immer hohe Risiken. https://t.co/BX8BzwpUtW,NOT,NONE,2
3327,3327,hasoc_de_3328,"Wenn Negerkinder Kobalt schÃ¼rfen  Und #GrÃ¼ne grinsend GrÃ¼ntee schlÃ¼rfen  Wenn E-Busse beim Laden stehn  FahrgÃ¤ste in die RÃ¶hre sehn  Dann wissen alle, die nicht dumm  Wir sind im #Reichhauptstadtslum.  https://t.co/FaAe5teAcE",HOF,HATE,0
3131,3131,hasoc_de_3132,"@Birdie51411736 @APatzwahl @and_smartie Genau! Das ist eine Verunglimpfung im hÃ¶chsten Grade, da im Parlament geschehen!  Und was dort in den Reihen der Linken und GrÃ¼nen fÃ¼r geistig unfÃ¤hige Abgeordnete sitzen, hat man am Beifall gesehen, eine steht sogar aufğŸ‘SchÃ¤uble tat sich sichtlich schwer mit dem OrdnungsrufğŸ˜¡",HOF,OFFN,1
3678,3678,hasoc_de_3679,@realJohr Wie bereits erwÃ¤hnt: HetzkrÃ¤he.,HOF,PRFN,1
2752,2752,hasoc_de_2753,PÃ¤dophilie: Der alltÃ¤gliche Missbrauch in einer grÃ¼nen Kommune! Da wird einem nur noch schlecht! https://t.co/iOiWa7vc4C via @welt,HOF,HATE,0
1255,1255,hasoc_de_1256,"Donald #Trump zieht das echt durch: Er stopft iIlegale und kriminelle #Migranten in Shithole-StÃ¤dte, die von Bunten ('Demokraten') regiert werden!  ğŸ˜‚  ğŸ‘ https://t.co/WEZpCUrzkM",HOF,HATE,0
1023,1023,hasoc_de_1024,Eva Herman: Ihr seidÂ Idioten! https://t.co/KMvJxRPAvj,HOF,PRFN,1
1510,1510,hasoc_de_1511,"Schwul sein ist keine Krankheit. Es ist pervers. Aber fÃ¼r Linke, Rote und GrÃ¼ne ist Sex mit Kindern und Tiere auch nicht so abwÃ¤gig. Der Vatikan hat diese Woche klargestellt, dass es nur Mann und Frau gibt. https://t.co/GD06xUJerA",HOF,HATE,0
2939,2939,hasoc_de_2940,"@Uwe_Junge_MdL Dann kommen sicher noch mehr MesserfachkrÃ¤fte, die alte wehrlose Menschen abstechen, wenn sie mal schlecht drauf sind. Ist doch schon so passiert. Die verachten und hassen uns Christen, Junge wie Alte und machen daraus selten einen Heel.",HOF,OFFN,1
1362,1362,hasoc_de_1363,Schweden zeichnet  Greta Thunberg als wichtigste Frau des Jahres aus. Unsere Bessermenschen freuen sich. Warum?   ğŸ”¹Ein Kind wird als Frau bezeichnet - PÃ¤dos bei GrÃ¼nen+bestimmter religiÃ¶ser Gruppe freuen sich   ğŸ”¹Sie befeuert die Klima-Hysterie   ğŸ”¹Sie ruft zum SchulschwÃ¤nzen auf,HOF,OFFN,1
760,760,hasoc_de_761,"Â»Wenn die Fahne des â˜ªï¸ Halbmondes steigt, wird die Fahne des ğŸ³ï¸â€ğŸŒˆ Regenbogens brennen!Â«  Aktuelle Stunde im #Bundestag zu MaÃŸnahmen gegen Homo- &amp; Transfeindlichkeit - Rede der stellv. #AfD-Fraktionsvorsitzenden @Beatrix_vStorch.  â„¹ï¸ https://t.co/nOLcSTB9jg  ğŸ¬ https://t.co/x6GRyR1KN2 https://t.co/MRRzXfoMPw",HOF,OFFN,1
2506,2506,hasoc_de_2507,"DWN: Autobauer: Riskante Wetten auf einen Durchbruch der ElektromobilitÃ¤t: Einer Analyse zufolge setzen viele Autobauer alles auf die Karte ElektromobilitÃ¤t. Selbst wenn diese riskante Wette aufgehen und der Durchbruch zur E-MobilitÃ¤t gelingen sollte,â€¦ https://t.co/TZwOusCTS4",NOT,NONE,2
3725,3725,hasoc_de_3726,"@Ungebeten1 @landhaustussy Anders kannste mit dem TÃ¼rken auch garnicht reden,... und abgefÃ¼llte Vollscheisse Ballons hat nicht nur Europa in Unmassen.",HOF,HATE,0
1676,1676,hasoc_de_1677,einfach mal die Seele baumeln lassenğŸ‘ŒğŸ‘Œ https://t.co/BoJEic8fhg,NOT,NONE,2
3583,3583,hasoc_de_3584,@FinjaFinte Diese 12 Frsuen... sind das â€FlÃ¼chtlingshelferinnenâ€œ?,HOF,OFFN,1
2313,2313,hasoc_de_2314,ef:'Ã–ko-Totalitarismus: Auf dem Weg zum grÃ¼nen ErmÃ¤chtigungsgesetz?: Ã–ko-Totalitarismus: Auf dem Weg zum grÃ¼nen ErmÃ¤chtigungsgesetz? https://t.co/VitVfAiUtk ',HOF,HATE,0
2300,2300,hasoc_de_2301,"PI: Jetzt flÃ¼chten sogar die Venezolaner nach Europa Deutschland 2019: Mehr Zuwanderung â€“ mehr Nebenwirkungen: Von EUGEN PRINZ | Die Human-Golfstrompumpe namens Zuwanderung, die Menschenmassen aus aller Herren LÃ¤nder nach SÃ¼d- und Mitteleuropa schaufelt,â€¦ https://t.co/UdbbBdKtgK",HOF,HATE,0
2198,2198,hasoc_de_2199,"Von Stasine generierte Wohnungsnot, die KausalitÃ¤t mit offenen Grenzen wird nicht angesprochen.     &lt;p&gt;Erika Steinbach: &lt;/p&gt;Es ist die Wohnungsnot der Kanzlerin https://t.co/96LtecLJnc via @Deutschland-KURIER",NOT,NONE,2
428,428,hasoc_de_429,"Interessant, wie die linke Trollbrigade bei meinem letzten Tweet aufheulte und ihre dumpfen Kommentare erbrach.    Die sind wirklich zu #linksblÃ¶d, den Unterschied von Rechtspopulisten und Nationalsozialisten wahrzunehmen und ohrfeigen damit alle NS- und Holocaustopfer!  ğŸ¤¦ğŸ¼â€â™‚ï¸",HOF,HATE,0
2423,2423,hasoc_de_2424,"Das ZerreiÃŸen des Korans in Bremen war dem @ZDF einen 6-Minuten-Beitrag im Heute-Journal wert. Die 9-JÃ¤hrige, die in #Dessau von einem 'FlÃ¼chtling' aus dem Niger vergewaltigt wurde, kam nirgendwo vor.",HOF,HATE,0
1978,1978,hasoc_de_1979,14 Jahre lang 'Morbus Merkel'; da hilft nur Prof. Meuthen mit der alternativen Medizin fÃ¼r Deutschland. https://t.co/2tixyUeC3T,NOT,NONE,2
2732,2732,hasoc_de_2733,#taharrushgamea im Zug. Wieder wird MÃ¤dchen von Migranten sexuell genÃ¶tigt. Sie stritten sich regelrecht um 'Beute' https://t.co/rye9v8n05J,HOF,HATE,0
2559,2559,hasoc_de_2560,"MMNews: Hartz IV und SpaÃŸ dabei: Im Internet kursiert ein Video eines mutmaÃŸlichen Clan-Mitglieds, das sich Ã¼ber das Jobcenter lustig macht. Voller Stolz zeigt er Auto samt Inhalt - gearbeitet hat er offenbar nicht dafÃ¼r... Read more... https://t.co/WCYOKYSZAV",HOF,HATE,0
3712,3712,hasoc_de_3713,"@Ungebeten1 Zukunft ohne Kohle, die kleinen bekloppten ScheiÃŸerğŸ’©. Dann aber auch ohne Smartphone, Mamis SUV und Flugreisen, auch Deutschland war mal schÃ¶n, vor der InvasionğŸ§",HOF,PRFN,1
1056,1056,hasoc_de_1057,ğŸ˜¡ğŸ¤®ğŸ˜¡ğŸ¤®ğŸ˜¡ğŸ¤®ğŸ˜¡ğŸ¤®ğŸ˜¡  POL-HH: 190611-2. Zeugenaufruf nach gefÃ¤hrlicher KÃ¶rperverletzung in Hamburg-St. Georg https://t.co/NvpDjGINsC #ots,HOF,PRFN,1
2202,2202,hasoc_de_2203,"Pack schlÃ¤gt sich....Bei dem Polen wÃ¼rde es mir auch in den Fingern jucken, aber ich bin ja kein Prolet, ich habe Argumente, die sind schÃ¤rfer als alle Waffen.    SchlÃ¤ge ins Gesicht: Lewandowski und Coman prÃ¼geln sich im Training https://t.co/Ky0nXxb85S",HOF,HATE,0
3122,3122,hasoc_de_3123,"@DPolGBund HÃ¶chstens anti-islamistisch. Und wenn, dann zurecht!  Denn die hassen und bekÃ¤mpfen Christen, Deutsche, EuropÃ¤er, UnglÃ¤ubige!    Ihr braucht nur die Augen aufzumachen. Und nicht vergessen was euer eigentlicher Job ist. Ihr seid keine Bodyguards fÃ¼r Fanatiker und IntensivtÃ¤ter.",HOF,HATE,0
438,438,hasoc_de_439,"Medien und LinksgrÃ¼ne jammern, dass nun auch ihnen konforme Accounts und Meinungen von Twitter gesperrt bzw. verwarnt werden. TrÃ¶stet euch, genauso wird euch eure 'alle rein' MentalitÃ¤t um die Ohren fliegen und ihr werdet auch bereichert werden.  #NetzDG  #Twittersperrt",HOF,HATE,0
1617,1617,hasoc_de_1618,"@Ungebeten1 @Ofenschlampe Volker Pispers: 'Mein Herr, sind Sie wirklich der Meinung daÃŸ jemand, der zu dumm ist fÃ¼r den HauptschulabschluÃŸ das gleiche Stimmrecht haben sollte, wie Sie??'",HOF,OFFN,1
2048,2048,hasoc_de_2049,Nicht mehr nachvollziehbar. In #Kamerun ist weder Krieg noch gibt es eine strukturelle Verfolgung bestimmter Gruppen. #Asyl nur fÃ¼r echte SchutzbedÃ¼rftige. #Deutschland weitet Asylschutz auf alle Menschen mit Teint auf aus? Zum Schaden der BÃ¼rger. #Merkel Wahn stoppen. #CDU #AFD https://t.co/UE10FMxZXd,NOT,NONE,2
3369,3369,hasoc_de_3370,"#Juncker 1999:â€Wir beschlieÃŸen etwas,stellen es in den Raum u warten ab, was passiert.Wenn es kein groÃŸes Geschrei gibt u. keine AufstÃ¤nde,weil die meisten gar nicht begreifen, was da beschlossen wurde,machen wir weiter - Schritt fÃ¼r Schritt, bis es kein ZurÃ¼ck mehr gibt.â€œ #EU https://t.co/jVIic9B6RM",NOT,NONE,2
3073,3073,hasoc_de_3074,"@Hartes_Geld @SoliDavidwache Also bloÃŸe Kritik an Mitbewohnern macht noch keinen Nazi aus. Das die nicht aus der Nase gezogen ist, war ja offensichtlich. Zudem erkennt man ja an Gestik und verbalen Reaktionen der Zigeuner was fÃ¼r ein Agressionspotential vorhanden ist.",HOF,OFFN,1
2285,2285,hasoc_de_2286,"Kann ich mir gar nicht vorstellen. Merkel hat uns doch versprochen, dass er total unverbindlich sein wird. Und dass sie lÃ¼gt, halte ich fÃ¼r vÃ¶llig ausgeschlossen https://t.co/HWvT7eR8g3 #Migrationspakt #Merkel #Migration #LÃ¼ge #Merkeldiktatur",HOF,HATE,0
114,114,hasoc_de_115,"@JoanaCotar @Notabaris @Die_Gruenen @GoeringEckardt Die meisten GrÃ¼nen wÃ¤ren zu dumm, eine WÃ¼rstchenbude erfolgreich zu betreiben. Aber sie wissen natÃ¼rlich genau, was Konzerne zu tun haben. Der Standort Deutschland wird scheibchenweise ruiniert.",HOF,OFFN,1
3584,3584,hasoc_de_3585,@FinjaFinte @Deutschland_77 Die Schweden werden ihr FlÃ¼chtlingsbesoffenheit bitter bereuen.,HOF,HATE,0
2071,2071,hasoc_de_2072,"Chebli wird im Auto von arabischem Polizisten angehalten.  'Alde, FÃ¼hrerschein'?  'Was ist das?'  'Das ist was mit Bild von dir drin!'  Chebli reicht ihm ihren Chanel-Taschenspiegel.  Er guckt rein. Sagt dann:  'Oh, isch wusst nicht dass du auch vom Polizei bischt Brudi!'  #chebliwitze",HOF,OFFN,1
548,548,hasoc_de_549,Ab Juli: #DiÃ¤tenerhÃ¶hung fÃ¼r #Bundestagsabgeordnete https://t.co/EfDsc3RBKb via @focusonline,NOT,NONE,2
1496,1496,hasoc_de_1497,"'Man kann sich nicht darauf verlassen, dass das, was vor den Wahlen gesagt wird, auch wirklich nach den Wahlen gilt' - Angela #Merkel, 2008     'CDU ist Vertrauen' ... ğŸ˜‚",NOT,NONE,2
1736,1736,hasoc_de_1737,ab morgen bei den Friday for no Hirn Demos ğŸ¤”ğŸ¤”     Scheissen fÃ¼r die Umwelt ğŸ‘ğŸ‘ğŸ‘ https://t.co/VzPNlj4zrj,HOF,PRFN,1
1183,1183,hasoc_de_1184,"Snowflake @Olivia_Frey55 ist fassungslos: Der Nazi, Hartes_Geld, ist immer noch nicht gesperrt und wird jetzt sogar belohnt!  ğŸ˜‚  https://t.co/lHRSsmhV7N https://t.co/Za8YpmuRf6",HOF,OFFN,1
2538,2538,hasoc_de_2539,"@suse1603 @EmmanuelMacron Weil wir uns Ã¼berall klar GEGEN Gewalt und fÃ¼r friedlichen Protest aussprechen? Vergessen Sie es einfach, Ihre linke Dauerhetze glaubt Ihnen niemand. Gewalt und brennende Autos sind in Deutschland eher Sache Ihresgleichen!",HOF,HATE,0
2747,2747,hasoc_de_2748,Das ist Achmed. Achmed ist #Istanbul-Terrorist und MehrfachmÃ¶rder. FrÃ¼her war Ahmed FlÃ¼chtling in Ã–sterreich.  #NurSo https://t.co/Mb2vs4Yjsj,HOF,HATE,0
2630,2630,hasoc_de_2631,"Wie immer steht @SPIEGELONLINE  treu zu seinen Freunden beim Rassistenverein BDS, es ist fast schon rÃ¼hrend.    https://t.co/lTf5Cg8ZZN",HOF,HATE,0
613,613,hasoc_de_614,Die #AfD in Rheinland-Pfalz hat nun 2300 Mitglieder!,NOT,NONE,2
587,587,hasoc_de_588,Unfassbarer Treuebruch gegenÃ¼ber den eigenen Beamten! RÃ¼ckhaltlose AufklÃ¤rung und EntschÃ¤digung! https://t.co/oYOPcuvYmP,NOT,NONE,2
1742,1742,hasoc_de_1743,Had to share this oneğŸ¤£ğŸ¤£ğŸ‘ğŸ‘    die Amis sind eben und waren es schon immer saublÃ¶dğŸ‘ğŸ‘  wenn interessiert schon solche Hohlbirnen ala KardashiansğŸ¤”ğŸ¤” https://t.co/ECgcJBC9J2,HOF,OFFN,1
2713,2713,hasoc_de_2714,FunktionÃ¤re des isl. Zentrums in HH organisieren bis heute Quds Tag mit-  egal Olaf Scholz chillt da mit Ayatollahs. https://t.co/KPdYbddVIB,HOF,HATE,0
2616,2616,hasoc_de_2617,"Der letzte FuÃŸball, das Areal der RWE-Abbrucharbeiter und die ZerstÃ¶rung. Ein Dorf mitten in Deutschland, dass aufgegeben wird. #Manheim https://t.co/AQUrgqjQH8",NOT,NONE,2
1999,1999,hasoc_de_2000,leben tausend Jahre zurÃ¼ck kennen es nicht anders . Die wÃ¼rden sich nie Integrieren  Unter mir wohnt so eine wenn die Kocht kommt das alles durch meine LÃ¼ftung das stingt widerlich ..Frag mich manchmal was die wohl im Kochtopf hat ..FlÃ¼chtling kein Wort deutsch fragen geht nicht https://t.co/MCrCEQr6HK,HOF,HATE,0
2004,2004,hasoc_de_2005,"Stechender Angriff in #Jerusalem auf Video    Dank der Regierung, dass jetzt viele von ihnen unter uns sind und sie offiziell an Al_Kuds Demonstration teilnehmen dÃ¼rfen, die darauf abzielt, Israel zu zerstÃ¶ren. https://t.co/QiOWZSdKi5",NOT,NONE,2
3742,3742,hasoc_de_3743,"@Ungebeten1 @BundesGockel Der Neger kann froh sein, dass ich nicht der Vater des Kindes bin...",HOF,HATE,0
1328,1328,hasoc_de_1329,"Herr @MPKretschmer!     Wenn Sie mal wissen wollen wie Politik geht, schneiden Sie sich mal ne Scheibe von Ihrem Kollegen ab, statt die Demokratie mit wirren Koalitionsgedanken sturmreif schieÃŸen zu lassen!     'Die AfD hat nirgendwo eine Vormachtstellungâ€œ https://t.co/bbB8i6h8ye",NOT,NONE,2
2728,2728,hasoc_de_2729,Alle feiern und die Linken legen BrÃ¤nde. Die linke Szene bekommt mit ihren Taten keine Anerkennung der BevÃ¶lkerung!  https://t.co/d5eDZpFKX2,HOF,HATE,0
1550,1550,hasoc_de_1551,"Wir MÃ¤nner..... Was wir uns so alles rausnehmen!    Wenn es euch stÃ¶rt, liebe Damen, dass MÃ¤nner bei den von ihnen mitgezeugten FÃ¶ten mitreden wollen, dann lasst die MÃ¤nner nicht rein! So einfach ist das Leben! https://t.co/kGIC6sfsji",NOT,NONE,2
1814,1814,hasoc_de_1815,klasse HandyğŸ˜‚ğŸ˜‚ğŸ‘ https://t.co/Ay4v6XvODP,NOT,NONE,2
2733,2733,hasoc_de_2734,"Ich wusste nicht, dass #Mohammed ein Volk ist? #Volksverhetzung https://t.co/yKcGQ6dFsn",HOF,HATE,0
1721,1721,hasoc_de_1722,"Huch, Kim Jong Merkel, der Zonenlurch. https://t.co/8dbOgiKfBU",HOF,OFFN,1
2028,2028,hasoc_de_2029,Muslime steinigen Frau. Das ist nicht 'rechts' sonder richtig wenn man solche  'Kulturen' nicht im Land haben will. #Islam #Merkel #Gruenen #ISIS https://t.co/YG1r88tQME,HOF,HATE,0
1784,1784,hasoc_de_1785,Wer die GrÃ¼nen wÃ¤hlt?   Die Wahlhelfer.ğŸ‘ğŸ‘  GrÃ¼ne werden nicht gewÃ¤hlt.  GrÃ¼ne werden gefÃ¤lscht.ğŸ˜¡ğŸ˜¡  so kommt man locker flockig auf so ein HochğŸ§  aber keine Angst nach dem Hoch kommt das nÃ¤chste TiefğŸ‘ https://t.co/1WIoeNxL1m,NOT,NONE,2
3062,3062,hasoc_de_3063,"@Hartes_Geld @hamaro777 Nicht, dass man von mir denkt, ich wÃ¤re ein Bot...     #Protest  #Ferkel  #Merkel https://t.co/6d3djfAc73",NOT,NONE,2
969,969,hasoc_de_970,Spitzenwissenschaftler tritt zurÃ¼ck: 'Die globale ErwÃ¤rmung ist ein Billionen-Dollar-Betrug - viele Wissenschaftler haben sich verdorben' https://t.co/lDhepQ8aUB,NOT,NONE,2
1957,1957,hasoc_de_1958,Die linke Gefahr â€“ Das Leichengift der gescheitertenÂ Linken https://t.co/DQtR00Ay0f https://t.co/9zD7TLxArB,NOT,NONE,2
3469,3469,hasoc_de_3470,"Die Durchschnittseinkommen der Franzosen ğŸ‡«ğŸ‡· liegen UNTER denen in  den Ã¤rmsten #US-Bundesstaaten ğŸ‡ºğŸ‡¸.  Die #GiletsJaunes ğŸ—£ï¸ wissen, warum sie protestieren... ğŸ¤«  #Europee2019 #Macron #France #EuropaWahl2019 #ep2019  https://t.co/lhorpb53Zb",NOT,NONE,2
2106,2106,hasoc_de_2107,Die alte jÃ¼dische Weltordnung versenkt sich geradeÂ selbst https://t.co/a1hVjm9ppD https://t.co/dGQ4ueawd8,NOT,NONE,2
2017,2017,hasoc_de_2018,"Menschen, die #Schweinefleisch verzehren sind deutlich weniger #sprengglÃ¤ubig! #SchweinefleischBeruhigt https://t.co/BzpYudTN6Z",HOF,HATE,0
3028,3028,hasoc_de_3029,"@Hartes_Geld Oh diese Gestalten. Die nie eigenes Geld verdient haben, und Arbeit scheuen, wie der Teufel das Weihwasser hÃ¼pfen mal wieder, erbÃ¤rmliche, degenerierte Generation von Memmen! Man mÃ¼sste sie alle zwingen ein Jahr in Pflegeheimen zu arbeiten und alte Menschen pflegen, faule Typen! https://t.co/EBvpbtqFaL",HOF,OFFN,1
1895,1895,hasoc_de_1896,"Verfahren gegen #BÃ¶hmermann: Amtsgericht KÃ¶ln soll seinen Geisteszustand Ã¼berprÃ¼fen und die Frage, ob er Ã¼berhaupt prozessfÃ¤hig ist.  :)  https://t.co/C9RDRcnjFZ @janboehm",HOF,OFFN,1
1577,1577,hasoc_de_1578,"Wie naiv kann ein erwachsener Mensch eigentlich sein?  Wenn ihr @smuellermdb gelesen habt, dann wisst ihr Bescheid!    'Klarname' oder auch die Einladung an den linken Abschaum, dir Haus und Auto abzufackeln. https://t.co/phdqsOwgYm",HOF,HATE,0
1753,1753,hasoc_de_1754,Hier noch was zum Tag versauen!ğŸ¤¢ğŸ¤¢  WÃ¼nsche euch einen schÃ¶nen Wochenteiler  nun geht es berg ab!!ğŸ‘ğŸ‘ https://t.co/G5lww9wu6i,HOF,PRFN,1
1757,1757,hasoc_de_1758,da kann ich gar nicht soviel fressen wie ich kotzen kÃ¶nnteğŸ¤®ğŸ¤®  NUR DAS BESTE KOMMT NACH SCHLAND ğŸ˜¡ğŸ˜¡ https://t.co/Z5psOlXpll,HOF,PRFN,1
1066,1066,hasoc_de_1067,@JoanaCotar @Die_Gruenen @GoeringEckardt Karin GÃ¶ring BlÃ¶dhart,HOF,OFFN,1
240,240,hasoc_de_241,"Da hat die gute Greta mal ihre Tabletten genommen+ eingesehen, dass wir ohne Energie im Dunkeln+Kalten stehen+sprach sich fÃ¼r Atomenergie aus! Tja, das war's dann mit dem Friedensnobelpreis. Welcher  Messias wird jetzt von den Medien erfunden, nach Martin Schulz, Macron+Greta?",NOT,NONE,2
10,10,hasoc_de_11,"#Offenburg: Somalier greift nachts auf der StraÃŸe einen Senioren an, tritt derart massiv auf den am Boden liegenden 75-JÃ¤hrigen ein, dass er mit schweren #Kopfverletzungen ins Krankenhaus gebracht wird   https://t.co/M5ynYt2ZtM",NOT,NONE,2
3145,3145,hasoc_de_3146,"@Hartes_Geld Die grÃ¼ne VollverblÃ¶dung, sitzt ja auch im BT.Die haben es geschafft sich ihren eigenen dusseligen Nachwuchs zu zÃ¼chten.",HOF,OFFN,1
477,477,hasoc_de_478,"In Griechenland bildet sich Migrantenkarawane: Unter 'Allahu akbar'- und 'Deutschland'-Rufen fliegen Steine auf Polizisten, werden Frauen in die erste Reihe gestellt, Kinder als RammbÃ¶cke benutzt, um Polizeiketten zu sprengen. Daher meine Frage an Merkel: https://t.co/HieDLCwfyb",HOF,HATE,0
1077,1077,hasoc_de_1078,"Multikultureller Unterricht in #Italien: Obwohl die Lehrerin nicht alles im Griff hat, haben die SchÃ¼ler SpaÃŸ und wirken glÃ¼cklich.  Das ist das Wichtigste!  #diversity https://t.co/XSnVNxJI00",NOT,NONE,2
2063,2063,hasoc_de_2064,Das Kabinett beschlieÃŸt 'strengere' Abschieberegeln. Ausreisepflichtige dÃ¼rfen u.a. nun auch in GefÃ¤ngnissen untergebracht werden. Bessermenschen finden das falsch. Und ich muss ihnen diesmal Recht geben. Denn eigentlich mÃ¼sste Merkel dazugesperrt werden. https://t.co/Q30fPP05Mx,HOF,OFFN,1
993,993,hasoc_de_994,"Wahrscheinlich hat Dich Deine Psychaterin wegen Deiner Geistig und KÃ¶rperlichen Veranlagung ausgewÃ¤hlt,(auch auch der Pheromone)!  Wenn Du dann Ritallin genommen hÃ¤ttest,wÃ¤rest Du fÃ¼r Sie dann Uninteressant! https://t.co/xQVUfSb50f",HOF,OFFN,1
3733,3733,hasoc_de_3734,"@Ungebeten1 @SilviaHerrmann_ Ein immergrÃ¼ner Halbschmarotzer!  Die Gastfreundschaft ist die Tugend, welche uns veranlasst, gewissen Menschen Nahrung und Obdach zu geben, die beides nicht nÃ¶tig haben. https://t.co/eraQM93oK1 #Gruenen #Linke #SPD #Tuerken #Islam #hartzundherzlich",HOF,HATE,0
422,422,hasoc_de_423,"Von den 1,7 Mio â€FlÃ¼chtlingenâ€œ, die in ğŸ‡©ğŸ‡ª registriert sind, gehen mehr als 1,3 Mio ÃœERHAUPT KEINER sozialversicherungspflichtigen BeschÃ¤ftigung nach, obwohl d allermeisten doch im besten Alter jg Erwachsener sind u vor Arbeitswillen nur so strotzen mÃ¼ssten https://t.co/ChCmGhy4AV",HOF,HATE,0
3661,3661,hasoc_de_3662,"@realJohr @StBrandner In seinem Kopf da wohnt ein Geist, der stÃ¤ndig ihm aufs Kleinhirn scheiÃŸt!",HOF,OFFN,1
3694,3694,hasoc_de_3695,"@realJohr Irr und wirr wie die gesamte Nazi - Bande, egal wie sie sich grade nennen...",HOF,HATE,0
3081,3081,hasoc_de_3082,"@Hartes_Geld Du behinderter Hurensohn. WÃ¤re das ein â€nobler Patriotâ€œ gewesen, hÃ¤ttest du deine minderwertige Stimme wegen des ach so repressiven Staatrs erhoben. Dreckiger Untermensch.",HOF,PRFN,1
506,506,hasoc_de_507,"Aber wenn ich zu viel GrÃ¼nzeug esse, produziere ich auch zu viel CO2 https://t.co/1SCtHrCYwu",NOT,NONE,2
1840,1840,hasoc_de_1841,GrÃ¼ÃŸe an die GrÃ¼nen ğŸ‘ğŸ‘  nur Scheisse im HirnğŸ’©ğŸ’©ğŸ’©ğŸ’© https://t.co/9wN58Y2IEx,HOF,OFFN,1
1821,1821,hasoc_de_1822,SÃ¤chsisch??ğŸ˜‚ğŸ˜‚ğŸ˜‚ğŸ˜‚ğŸ˜‚ https://t.co/E2Dxrm8dAb,NOT,NONE,2
3306,3306,hasoc_de_3307,"Viele #BundesbÃ¼rger sind ja immer noch #skeptisch,   ob der #Islam und das #Kopftuch zu #Deutschland passt,  da ist es dann umso erfreulicher, dass #SaudiArabien der #Welt zeigt,  was der #Islam in Sachen #Toleranz und #Weltoffenheit zu alles #bieten hat! â™¥ï¸    https://t.co/dGy0zOeGkL",NOT,NONE,2
939,939,hasoc_de_940,"Fassungslos stellt man sich immer wieder zwei Fragen: Warum entwickeln sich Menschen in einem Land, dass sie aufnimmt, versorgt und ihnen eine bessere Zukunft bietet als ihre Heimat, zu RÃ¤ubern, Vergewaltigern und TotschlÃ¤gern?   â¬â¬â¬   https://t.co/D5yWniyPck",HOF,OFFN,1
3674,3674,hasoc_de_3675,@realJohr Was der Alkohol aus den Menschen macht !,NOT,NONE,2
3751,3751,hasoc_de_3752,@Ungebeten1 @Yuma_lein Man sollte immer den nÃ¶tigen Respekt vor anderen haben. Die wichtigste Frage ist eher: ist so ein brauner Abschaum wie du wÃ¼rdig als Mensch wahrgenommen zu werden ?,HOF,HATE,0
1495,1495,hasoc_de_1496,#StracheVideo: 'Ex-Spion enthÃ¼llt HintermÃ¤nner des #Strache-Videos'  'Video bereits im Jahr 2017 entstanden'  'sehr gezielt und bewusst gemacht'  'sehr eindeutig in Richtung EU-Wahlen'  '600.000 Euro an Produktionskosten'  https://t.co/e1rLWHyIpS,NOT,NONE,2
76,76,hasoc_de_77,"In #Gotha gab es nahe einem #Einkaufszentrum eine SchieÃŸerei. Ein Polizeibeamter wurde verletzt, ein VerdÃ¤chtiger festgenommen. Zu den HintergrÃ¼nden schweigt die Polizei https://t.co/YF4wEO3Sg9",NOT,NONE,2
911,911,hasoc_de_912,"Peter Weber, erfolgreicher Unternehmer  hat  rund 2,5 Mill.fÃ¼r wohltÃ¤tige Zwecke gespendet, ist jedoch bei den rot- grÃ¼nen GemeinderÃ¤ten in Ungnade gefallen.   Er hat mehrere Videos produziert, in denen er Merkels politische Irrwege kritisiert.     https://t.co/rw7o0PXywX",NOT,NONE,2
3659,3659,hasoc_de_3660,@realJohr FCKAFD https://t.co/L6MyH1VXYQ,HOF,HATE,0
3444,3444,hasoc_de_3445,"VÃ¶lker der Welt! Schaut auf diese Frau!  'Merkel beendet Dinge' ... eine Rede, deren intellektuelles Niveau man nur niederschmetternd nennen kann.   https://t.co/FyqD5JwR1P",HOF,OFFN,1
780,780,hasoc_de_781,â€Mullahs sind eine Gefahr fÃ¼r #Europa und fÃ¼r #Israel Deutsche Aussenpolitik spielt keine Rolle mehr! #HeikoMaas abwÃ¤hlen! https://t.co/KyopkOBjAO,HOF,OFFN,1
2493,2493,hasoc_de_2494,Bitte nie wieder Ã¼ber Amerikaner lÃ¤stern.    (Karte: @welt) https://t.co/jGmTNBmGxN,NOT,NONE,2
2920,2920,hasoc_de_2921,"@Uwe_Junge_MdL Sehr schÃ¶nes Browserspiel.  Wenn dir langweilig wird, lass uns spielen.  https://t.co/xbvWrv7hYF",NOT,NONE,2
1673,1673,hasoc_de_1674,na geht doch Blau BergaufğŸ‘ğŸ‘ğŸ‘  Frage mich nur welche doofen grÃ¼n wÃ¤hlen??ğŸ¤”  bestimmt der Bleistift angesetzt um das zu bewerkstelligenğŸ˜¡ https://t.co/OqH7fxCopV,HOF,OFFN,1
2932,2932,hasoc_de_2933,@Hartes_Geld Drecks Pack ğŸ¤®,HOF,PRFN,1
2275,2275,hasoc_de_2276,"https://t.co/SnuHoXmVej #Hetze der Regierung wirkt: Nachdem sich #Linksterroristen bislang auf ZerstÃ¶rung von #AfD-BÃ¼ros beschrÃ¤nkten, fÃ¼hlen sie sich jetzt dank der #Hasskampagnen aufgerufen, bis zum Ã„uÃŸersten zu gehen: mit einem #Mordanschlag auf den Bremer BTA Frank #Magnitz.",HOF,HATE,0
1197,1197,hasoc_de_1198,"Wer sich in #England zum Imam ausbilden lÃ¤sst, lernt folgendes: 'Allah ist glÃ¼cklich, wenn Moslems ihre Frauen vergewaltigen und schlagen.'  https://t.co/JWFd0kqcOs #Ramadan",HOF,HATE,0
1890,1890,hasoc_de_1891,"'im Kern sind die GrÃ¼nen eben kein bÃ¼rgerlicher Ã–ko-Verein, sondern eine linke Umverteilungs- und Verbotspartei, garniert mit Gender-Gaga.'  https://t.co/JxaIpGyuPA via @tichyseinblick",NOT,NONE,2
2862,2862,hasoc_de_2863,"GrÃ¼ne mit ihrer Klimahysterie sind wie FrÃ¶sche im Nachbarteich. Sie sind laut, sie nerven jeden, mit ihnen kann man nicht diskutieren, sie haben keine LÃ¶sungsansÃ¤tze und sie sind grÃ¼n.",HOF,OFFN,1
2530,2530,hasoc_de_2531,Die Denunziations-Initiative â€Reconquista Internetâ€œ inklusive der Hetze gegen die Familie der ermordeten Susanna wird belohnt.  #grimmepreis     https://t.co/8yrHVXc7DO,HOF,HATE,0
3658,3658,hasoc_de_3659,"@realJohr Ach so, @MalteKaufmann findet das Vernichten neuwertiger Ware vÃ¶llig ok. Gut zu wissen, wenn die noch mal von 'Naturschutz' reden oder von bedÃ¼rftigen Menschen.  Dann wohl auch, dass Amazon trotz Milliardengewinn 0, 00 Steuern bezahlen muss.",NOT,NONE,2
3273,3273,hasoc_de_3274,Asylbewerber belÃ¤stigt Schulkind sexuell - ist wieder auf freien FuÃŸ. #rechtlos  https://t.co/EQsxcGlKoW,NOT,NONE,2
2875,2875,hasoc_de_2876,"Rot so Rot sind alle VerliererğŸ‘ğŸ‘  Der Schulleiter Johannes Grod von der Aschaffenburger FrÃ¶belschule, welche extra fÃ¼r den Ramadan das Schlufest verschiebt, ist Ã¼brigens, oh Wunder, oh Wunder, ein Mitglieder der ANTI-deutschen Scharia Partei (SPD)  ğŸ‘ŒğŸ‘Œ    ZufÃ¤lle gibt's... ğŸ¤” https://t.co/4MYHJAApTJ",HOF,OFFN,1
3021,3021,hasoc_de_3022,"@Hartes_Geld Wieso erinnert mich das an Biedermann und die Brandstifter? ğŸ˜ˆ  Sobald der radikal religiÃ¶se Spinner dann Menschen getÃ¶tet hat, war das natÃ¼rlich nicht absehbar und niemand Ã¼bernimmt Verantwortung dafÃ¼r... Konnte niemand ahnen...",HOF,OFFN,1
1572,1572,hasoc_de_1573,@Ungebeten1 @StoergroesseM @0Siegfried @Twitter Anani ist irgendwas mit mutter und sikerim irgendwas mit ficken. Aber so gut ist mein tÃ¼rkisch auch wieder nicht. ğŸ¤·â€â™‚ï¸,HOF,PRFN,1
2002,2002,hasoc_de_2003,"Denkt nicht, dass zumindest ihre Kinder in der Gesellschaft unter der westlichen Bildung integriert werden.    Diese Denkweise ist falsch, denn in der Erziehung des Kindes kommt die Familie zuerst. https://t.co/9f7DZP9i8K",NOT,NONE,2
1167,1167,hasoc_de_1168,"Marokkanische Rapperin #Juju erzÃ¤hlt Anekdoten aus ihrer Schulzeit in #Berlin:  â¡ï¸ In meiner Klasse waren 2 Deutsche. Die waren scheiÃŸegal und Opfer.  â¡ï¸ Die 14-jÃ¤hrige Christina im Koffer zu verbrennen, war schon voll krass. https://t.co/bsPzFjA90P",HOF,HATE,0
1966,1966,hasoc_de_1967,"Die besten Geschichten kommen aus #Deutschland: Libanesischer Nazi hetzt gegen #Zigeuner, die angeblich alles verdrecken!  Ein tÃ¼rkischer SchlÃ¤gertrupp eilt zu Hilfe.  :) https://t.co/1QrqWZGDth",HOF,OFFN,1
2239,2239,hasoc_de_2240,"Was im OberstÃ¼bchen von @Karl_Lauterbach (SPD) vorgeht, lÃ¤sst sich sehr schÃ¶n an diesem Tweet (den er klammheimlich gelÃ¶scht hat) ablesen. Diese Entgleisung hat klinische Dimensionen. Ob er sich Ã¶ffentlich dafÃ¼r entschuldigt? https://t.co/cxVX48nwjR",HOF,OFFN,1
3247,3247,hasoc_de_3248,Berlin kann nicht nur FlughÃ¤fen nicht bauen. Auch mit 'Heizung und KÃ¼hlanlagen' fÃ¼r groÃŸe Immobilien ist die Hauptstadt Ã¼berfordert. Wie wÃ¤re es mit einem Preisschild fÃ¼r die ganze Stadt - und dann einstellen bei Alibaba? https://t.co/6otk0bSXiv.,NOT,NONE,2
1891,1891,hasoc_de_1892,"@ostmann1977 @LVZ @daniel_bruhl @ElleVisionnaire @brigittebrochet @boxingondvd @danielkehlmann Und 'Fremdenhass', der #AfD u. AnhÃ¤ngern unterstellt wird, ist kein Hass, sondern Angst vor 'FlÃ¼chtlingen', die angeblich Schutz in Deutschland suchen und kaum hier, uns Schutz und Sicherheit nehmen. Kein Hass, sondern Selbsterhaltungs- und Ãœberlebenswille.   @Einzelfallinfos",HOF,OFFN,1
3634,3634,hasoc_de_3635,@realJohr Ekelhaftes Nazipack!,HOF,HATE,0
2558,2558,hasoc_de_2559,StraÃŸenbahnkorso! https://t.co/kr7sqGAszd,NOT,NONE,2
1540,1540,hasoc_de_1541,"@BundesGockel Luden wie du.    Apropos, was macht dein HÃ¤uschen in Blankenese?    Wann ist das Sommerfest mit den Nu... Ã¤h Damen?    Hoffentlich hast du den Poolbereich schÃ¶n geschrubbt, das letztes Jahr war ja eine Ferkelei ğŸ˜    @merdeux @Ungebeten1   Ihr seid doch auch wieder dabei oder?",NOT,NONE,2
96,96,hasoc_de_97,"Das SchÃ¶ne am Klimawandel: Damit lÃ¤sst sich von der massiven SteuererhÃ¶hung Ã¼ber die EinschrÃ¤nkung der Reisefreiheit bis zur Beschneidung von Meinungs- und Pressefreiheit jede MaÃŸnahme rechtfertigen, die linken Psychpathen nur einfallen kann. Deshalb fahren die so darauf ab.",HOF,OFFN,1
2005,2005,hasoc_de_2006,"Ich bin gegen Halal-Produkte und glaube, dass Halal in ganz Europa verboten werden sollte, da die Tierrechte hÃ¶her als dieser Wilde stehen. https://t.co/rZt24EeGEK",HOF,HATE,0
2150,2150,hasoc_de_2151,Beeinflussung in Schulen https://t.co/IoJrI0VobC https://t.co/Ck7ncb7VD7,NOT,NONE,2
1790,1790,hasoc_de_1791,na das wÃ¼rde den GrÃ¼nen aber gefallenğŸ˜‚ğŸ˜‚ğŸ˜‚ğŸ˜‚ https://t.co/CqVqpsxYgr,NOT,NONE,2
1681,1681,hasoc_de_1682,"ğŸ¤®ğŸ¤®ğŸ¤®ğŸ¤®ğŸ¤®ğŸ¤®ğŸ¤®ğŸ¤®ğŸ¤®ğŸ¤®ğŸ¤®  Nichts ist zu peinlich, als dass es die deutsche Presse nicht schreiben wÃ¼rde. Sie wollen ihn wirklich an der Spitze sehen und bereiten den WÃ¤hler schon mal auf das Wahlergebnis vor. https://t.co/l7aBKU5rdI",HOF,PRFN,1
992,992,hasoc_de_993,"Ich habe in einem Haus von JÃ¼dischen EigentÃ¼mern gewohnt!  Diese vermieteten Ihre Wohnungen zum Teufel hinaus,auch an einen Moslemischen Jugendclub!  Ich bin sofort ausgezogen!  Der Sohn d E.hat sich vor der TÃ¼r m diesen Jugendlichen, seines Judentums,gebrÃ¼stet! https://t.co/KrxPYQL4ug",HOF,HATE,0
991,991,hasoc_de_992,"#haymat Die hier geÃ¤uÃŸerten Stellungsnahmen Ã¼ber die #haymat, scheint dieses Wort,eine TÃ¼rkische Bezeichnung von Heimat zu sein!  Also in Deutschland,wo ich geboren u mit allen GrundbedÃ¼rfnissen aufgewachsen bin u das i Sicherheit!  Bildungs u Aufstiegs Chancen",NOT,NONE,2
3788,3788,hasoc_de_3789,"@BlondJedi @annewill Tja, steht halt nicht jede auf Schwarze, auch wenn die das aus fehlender Bodenhaftung denken..",NOT,NONE,2
400,400,hasoc_de_401,"Zuwanderer? Was fÃ¼r eine Wortwahl, schon darin steckt LÃ¼gendefinition. Es sind Eindringlinge mit UnkulturhintergrÃ¼nden; passen nicht hier hin und mÃ¼ssen hinausgeleitet werden.    BKA-Lagebild: Gewalt von Zuwanderern gegen Deutsche nimmt zu https://t.co/YMnWvFxQ8N via @welt",HOF,HATE,0
1033,1033,hasoc_de_1034,Andreas Popp â€“ â€Deutschland das warâ€™s!â€œ Ein Interview mitÂ Sprengkraft https://t.co/UsvljUYt5h,NOT,NONE,2
1588,1588,hasoc_de_1589,@czarymarybum777 cc @Ungebeten1,NOT,NONE,2
1870,1870,hasoc_de_1871,So sehen GroÃŸveranstaltungen 2019 in Deutschland aus...stadtfest abgesagt..die muselÃŸ wollen ja nicht..dafÃ¼r grÃ¶ssen fest der musels.. ich kÃ¶nntğŸ¤®ğŸ¤®ğŸ¤®    https://t.co/boLI1tMgTK,HOF,OFFN,1
474,474,hasoc_de_475,WochenrÃ¼ckblick: Ein Sozialismus mit dem Antlitz von Robert Habeck https://t.co/HKuMHicQC9 via @PublicoMag,NOT,NONE,2
3629,3629,hasoc_de_3630,"@realJohr @georgloesel Wer einen Dr. Titel der Kirchenlehre hat, hat von Glauben vielleicht AHNUNG, aber Wissen von Wirtschaft kaum.",HOF,OFFN,1
2015,2015,hasoc_de_2016,#Migrationspakt von #Merkel wirkt. Immer mehr Sozialhilfetouristen aus #Afrika werden nach #EU eingeflogen. https://t.co/3cyUgLbOOD,HOF,HATE,0
3412,3412,hasoc_de_3413,"Irrenhaus #DeutschlandğŸ‡©ğŸ‡ª  ? â€Aktivisten in #Berlin setzen Zeichen gg Krebsâ€œ?  ? â€Linksaktivisten Ã¼berzeugen Besucher von linksgrÃ¼ner #Klimapolitik'?  NEIN  Linksextreme attackieren Bus mit krebskranken Menschen, die zu Veranstaltung nach OberschÃ¶neweide wollen  https://t.co/0BFK3K5efi",HOF,PRFN,1
1428,1428,hasoc_de_1429,"@FailDef @convalaria1 @Wirklichkeit123 @Tschonka Ja, die Ã¼ber 50 islamischen LÃ¤nder sind Musterbeispiele fÃ¼r Humanismus, Toleranz und Menschenrechte. Ich wÃ¼rde ja mal Ã¼ber andere Tabletten nachdenken. Viel Erfolg dabei!",HOF,OFFN,1
3648,3648,hasoc_de_3649,@realJohr Ekelhafte Nazis!,HOF,HATE,0
2634,2634,hasoc_de_2635,"Rollenspielfreaks haben lÃ¤ngst D&amp;D aufgegeben und spielen nÃ¤chtelang den Wahlomat durch, mal als bÃ¶swilliger Neoliberaler, mal als geifernder Stalinist, mal als panischer Ã–kojesus. ğŸ§™â€â™‚ï¸",HOF,HATE,0
1252,1252,hasoc_de_1253,Interessanter Thread. ğŸ‘‡  Unsere liebe Schweden-Korrespondentin @FinjaFinte hat mal einige SchieÃŸereien der letzten Tage im bunten #Schweden zusammengefasst.  Dort geht ganz schÃ¶n die Post ab! https://t.co/jM2OVi9osc,NOT,NONE,2
2736,2736,hasoc_de_2737,"Contra-Mag.:Nahost-Vernichtungskrieg: Ein Plan zur SchwÃ¤chung der islamischen Welt?: Geopolitisch macht der Versuch, die Golfstaaten in einen gegenseitigen Vernichtungskrieg zu zwingen, durchaus Sinn. Ein Gedankengang. Von Marco Maier Henry Kissingerâ€¦ https://t.co/VaAOMxburp",NOT,NONE,2
2291,2291,hasoc_de_2292,"Erneut ist ein Begriff zum â€#UnwortdesJahres gekÃ¼rt worden, der sich vor allem dadurch auszeichnet, nicht in das Weltbild einer linksliberalen Jury aus selbsternannten Experten zu passen. Ein Kommentar von Boris T. Kaiser.  https://t.co/ZNZVsEnXXb",NOT,NONE,2
2077,2077,hasoc_de_2078,"Von uns allen durch GEZ alimentierter Kasper + Hetzer Jan BÃ¶hmermann, den @DieZeit gerade als Twitter 'Schreiberling' einsetzt, verlangt 'Trolle' zu blocken! Ich gehe sogar noch weiter: blockt Trolle + Trottel - also @janboehm + @dieZeit!   #BlockDieZeit",HOF,OFFN,1
3749,3749,hasoc_de_3750,@Ungebeten1 Der Sesselkleber biedert sich Ã¼berall an.,NOT,NONE,2
2194,2194,hasoc_de_2195,"Merkel dealt doch mit ihm, sage mir mit wem du 'gehst' und ich sage dir wer du bist; Verbrecher unter sich.     https://t.co/rQP68KhcAX",HOF,HATE,0
2757,2757,hasoc_de_2758,"Wie ich schon dauernd schreibe: Dass es mehr eine #Inbesitznahme des MÃ¤dchens ist und kein Mord vom #Schwager â€“ Es gab den Versuch schon vorher. ğŸ˜¢    #findbecci endlich, sucht endlich nach einer lebenden #rebecca #freeflorian #schwagerwars #medien #presse    https://t.co/bgFPeGx18e",NOT,NONE,2
1995,1995,hasoc_de_1996,"Irland ğŸ‡®ğŸ‡ª     Dieses verstÃ¶rende Video wurde in den Dubliner Bergen wÃ¤hrend der Eid al-Adha gefilmt.    Darin sehen wir eine Gruppe Muslime, die ein Lamm auf den Boden stecken und ihm die Kehle durchschneiden.    Die Barbarei des Halal-Gemetzels kennt keine Grenzen. https://t.co/LCfA0atWpv",HOF,HATE,0
2746,2746,hasoc_de_2747,Niemals wurde das verlogene Spiel von Politik und #LÃ¼genpresse so offensichtlich wie in den letzten Tagen    #afd https://t.co/xGLb1v2Rdp,HOF,HATE,0
1618,1618,hasoc_de_1619,"@Ungebeten1 @MoebusAnne ....dieses verlogene, grÃ¼nversiffte Pack von LÃ¼gner, Hetzern und Volksverdummern gehÃ¶rt der ProzeÃŸ gemacht. Natur vernichten ist ihr Handeln und Tun!",HOF,HATE,0
1767,1767,hasoc_de_1768,Die Fans von GrÃ¤te Thunfisch interpretieren es halt etwas anders!ğŸ¤”ğŸ¤”    Das nennt man dann wohl â€œvisuelles Framingâ€œ ğŸ‘ğŸ‘ https://t.co/Be8dhrIOH3,HOF,OFFN,1
2711,2711,hasoc_de_2712,"HÃ¤tte er mal nur #AllahuAkbar gerufen, dann wÃ¤r's vielleicht weniger geworden? https://t.co/FGJ7UdfVO7",HOF,HATE,0
1837,1837,hasoc_de_1838,Ah ja... Udo Lindenberg reist mit 17 Sattelschleppern durch Deutschland... ğŸ¤”ğŸ¤”  also dem Saufkopp schÃ¶ weiter zu jubeln--der ja auch fÃ¼r KlimaschutzğŸ˜‚ğŸ˜‚,NOT,NONE,2
1791,1791,hasoc_de_1792,SPD: Andrea Nahles kÃ¼ndigt RÃ¼cktritt als Partei- und Fraktionschefin an  Wird sie jetzt RummelboxerinğŸ¤”ğŸ¤”ğŸ˜‚ğŸ˜‚  da kann sie ja dann dort vielleicht  vielen paar uff die Fresse hauen was ja in Berlin nicht klappte  eine der schlechtesten aus der Politik gehtâ€¼ï¸â€¼ï¸  UND DAS IST GUT SOğŸ‘ğŸ‘ https://t.co/J6rfh3EWTQ,HOF,PRFN,1
3090,3090,hasoc_de_3091,L.E.S.E.B.E.F.E.H.L.    Wohin fÃ¼hrt die massenpsychotische VerklÃ¤rung der GrÃ¼nen?    https://t.co/C4t8HRwYWz,HOF,OFFN,1
3091,3091,hasoc_de_3092,"'Die Kairoer ErklÃ¤rung der Menschenrechte ist vÃ¶lliger Humbug.  Es gibt im #Islam keine #Menschenrechte!'  'Wenn Sie das nicht verstehen, dann haben Sie keine Ahnung, was #Menschenrechte sind'.  Dr. Michael Ley in der ExpertenanhÃ¶rung im Arbeitskreis #Menschenrechte des Bundestages. https://t.co/txdkCEadL7",HOF,HATE,0
2322,2322,hasoc_de_2323,"Tichy:In Brandenburg fÃ¼hrt demoskopisch die AfD: Wie seit lÃ¤ngerem angenommen zeichnet sich fÃ¼r die Landtagswahl in Brandenburg die AfD mit demoskopisch 21 Prozent als stÃ¤rkste Partei ab. KÃ¤me die SPD auf die gemessenen 18 Prozent, wÃ¼rde sie gegenÃ¼berâ€¦ https://t.co/Pw1kOIOWTF",NOT,NONE,2
1531,1531,hasoc_de_1532,"@Ungebeten1 @93cecc58ff2e400 â€.. . Ein GruÃŸ ohne Hass, Ausgrenzung und Stigmatisierung ...â€œ, solche Armleuchter und Heuchler ğŸ¤®! Wer hat mit Hass, Hetze, Halbwahrheiten und verdrehen von Meinungen angefangen? Jede Kritik wurde in die rassistische Ecke gestellt bzw. derjenige als NAZI beschimpft ğŸ¤¢",HOF,OFFN,1
2708,2708,hasoc_de_2709,"'Migration ist unvermeidlich, notwendig und wÃ¼nschenswert', sagt die @UN. Der  #GlobalCompactMigration soll diese Idiotie in Stein meiÃŸeln. Jede Regierung, die den #Pakt unterzeichnet, erklÃ¤rt damit: â€Ja, wir sind Lakaien der Globalisten â€“ und wir hassen euch!â€ #AfD https://t.co/LKrjUDc34b",HOF,HATE,0
3715,3715,hasoc_de_3716,@Ungebeten1 Die meisten Wahnsinnigen leben auÃŸerhalb geschlossener Anstalten!ğŸ˜œ,NOT,NONE,2
1728,1728,hasoc_de_1729,keine FuÃŸball WM--da macht man es eben auf die andere Art ğŸ’©ğŸ’©ğŸ¤®ğŸ¤® https://t.co/IB05N0XR2Y,HOF,PRFN,1
1297,1297,hasoc_de_1298,......bis zum nÃ¤chsten Mal und das trotz bereits bestehender Abkommen...!     .....unter Trump sind Abkommen und Werte nichts wert...!  https://t.co/CUreexh26T,NOT,NONE,2
2231,2231,hasoc_de_2232,"Die Stasitrine ist ja voll wie eine kleine Kirche, die lallt ja fast; hat wohl von Junckers Ischias-Medizin Ã¼berdosiert.    Angela Merkel zu den Ergebnissen des EU-Gipfels am 11.04.19 https://t.co/bfRyAlDGED via @YouTube",HOF,HATE,0
2750,2750,hasoc_de_2751,"'FlÃ¼chtling' fÃ¤llt in Parkhaus Ã¼ber Frau her,beiÃŸt und verletzt sie u Polizist. BewÃ¤hrung.Pervertiertes Justizsystem https://t.co/TyCwdmfnSP",HOF,HATE,0
3592,3592,hasoc_de_3593,"@FinjaFinte Nicht etwa der kulturell bedingte GrÃ¶ÃŸenwahn, noooiiiiinnn!",NOT,NONE,2
770,770,hasoc_de_771,"Sohn von Israels Premier #Netanjahu zu AuÃŸenminister #Maas (SPD):     â€Es wÃ¤re schÃ¶n, wenn Sie mal aufhÃ¶ren wÃ¼rden, sich in unsere internen Angelegenheiten einzumischen &amp; hunderte linksradikale NGO's in #Israel zu finanzieren, die unsere ZerstÃ¶rung wollen.'    https://t.co/VCkSZ0zNFW",NOT,NONE,2
2031,2031,hasoc_de_2032,"Die Durchschnittstemperatur auf dem #Mars sei seit den 70er Jahren um etwa 0,65 Grad angestiegen, also genauso wie auf der Erdeâš ï¸    Nach der Logik der #grÃ¼nen #Klimasekte mÃ¼sste wir auf dem Mars also einen menschgemachten #KlimaWandel Haben ğŸ˜    #NoGrÃ¼ne  https://t.co/4StCqlEW98",HOF,HATE,0
3309,3309,hasoc_de_3310,#Hamm: Ca. 9 hauptsÃ¤chlich sÃ¼dlÃ¤ndische MÃ¤nner attackieren zwei junge NachtschwÃ¤rmer kÃ¶rperlich und rauben dem 22-JÃ¤hrigen die GeldbÃ¶rse  https://t.co/PF6bg5KmbM,NOT,NONE,2
1942,1942,hasoc_de_1943,Ja aber auch so was...die bÃ¶sen Rechten...was ist mit den Musels...wieder so eine Wahrheitsverdrehung! ...Pfui Teufel...aber so sind se die tollen Sozis...Menschenfreunde!!..haha ich kÃ¶nntğŸ¤®ğŸ¤®ğŸ¤®    https://t.co/FpcUiKglOc,HOF,OFFN,1
2562,2562,hasoc_de_2563,"Ich wÃ¼sste nicht, was wir hÃ¤tten anders machen sollen. #TwitternWie18Uhr",NOT,NONE,2
1065,1065,hasoc_de_1066,"@FailDef @convalaria1 @Wirklichkeit123 @Tschonka Ich bekÃ¤mpfe die 'Religion des Friedens'. Ich fordere und will keine Gaskammern fÃ¼r irgendjemanden. Wer lesen kann, weiÃŸ das auch. Wer dennoch etwas anderes behauptet, ist entweder amtlich hirnschwach oder gehÃ¶rt vor ein Gericht.",HOF,OFFN,1
3664,3664,hasoc_de_3665,"@realJohr @StBrandner Er spricht doch von seinem Verein. Wenn er Deutschland oder Vaterland meint, dann meint er seinen hohlen mÃ¶chtegern Verein NSAfD!",HOF,OFFN,1
3420,3420,hasoc_de_3421,"Ich kann nur staunen:  #Arktis 03. Juni 2019 mit Eis â„ï¸bedeckt.  Vorhergesagtes Abtauen im #Arctic Ocean, #Klimakrise, #Erderhitzung, #ClimateEmergency, #Klimakatastrophe, #GlobalWarming  -- Nicht zu sehen... ğŸ¤”  #Ice #FridaysForFuture  &gt;https://t.co/L45AbEhOL1  https://t.co/IIJ7RVwhA0",NOT,NONE,2
3615,3615,hasoc_de_3616,"@FinjaFinte Tja, dann hÃ¶rt das Massaker an den geschundenen Rindern wenigstens bei diesem Frevel an der westlichen Kultur auf. Das betrÃ¼bt mich nicht, nei das Gegenteil ist der Fall. Freudig werden auch unsere MitgeschÃ¶pfe jauchtsen!",NOT,NONE,2
1772,1772,hasoc_de_1773,Fastenbrechen--Fressen und Leben wie Gott in SchlandğŸ¤®ğŸ¤® https://t.co/wPb0DskRBQ,HOF,PRFN,1
195,195,hasoc_de_196,"@AlexE1789 @Proteus93484191 D Ramadan ist eine Monat durchhÃ¤ngen ohne jegliche produktivitÃ¤t, dann drei Tage dauer Fest als Belohnung obendrauf! Aber woher sollte klein Heiko das wissen, i seinem Wolkenkukuksheim?",HOF,OFFN,1
2533,2533,hasoc_de_2534,@streetcoverage @PolizeiSachsen @DJVde Nicht nur zu #dd1502 wird klar daÃŸ @streetcoverage mit Presse und Journalismus nicht viel zu tun hat. Das sind einfach Symphatisanten des Linksmobs die mit Kamera in der Hand versuchen FÃ¶rderknete vom groÃŸen Kuchen des Kampfes gegen rÃ¤Ã¤Ã¤chtz abzubekommen.,HOF,HATE,0
2981,2981,hasoc_de_2982,@Hartes_Geld Schau mal hier: Greta hat jetzt ihren eigenen Youtube-Kanal und ihr erstes Video rausgehauen ;-) #WTFILIKEGRETANOW https://t.co/nqX5jekmyd â€¦,NOT,NONE,2
1099,1099,hasoc_de_1100,'Emotionaler Wortbeitrag'.  Genosse @MartinSchulz brÃ¼llt auf Parteifreund ein: 'Du bist ein Arschloch!'  https://t.co/5qIzxGdTA5 #spd,HOF,OFFN,1
2018,2018,hasoc_de_2019,Das fÃ¤llt heute alles unter MultiKulti und 'Kulturbereicherung'. Der Witz ist dass die Deutschen das alles Ã¼ber Hartz &amp; co. sogar noch finanzieren dÃ¼rfen. https://t.co/Dn7rodtek6,NOT,NONE,2
2865,2865,hasoc_de_2866,"Ein friedliches Miteinander wird nur solange praktiziert, wie #Muslime in der Minderheit sind! Die MehrheitsverhÃ¤ltnisse Ã¤ndern sich aber tÃ¤glich! #Christen werden weltweit verfolgt! Der politische #Islam widerspricht allen christlichen Werten und gehÃ¶rt nicht zu #Deutschland! https://t.co/M7MKwJOW6D",HOF,HATE,0
2741,2741,hasoc_de_2742,#Rodgau: #Behinderte in #Obdachlosenheim abgeschoben - Und #FlÃ¼chtlinge bekommen ReihenhÃ¤user #verrÃ¼ckt  https://t.co/3UTkePJvKE,HOF,HATE,0
2272,2272,hasoc_de_2273,"#Stegner - ein Name, ein GestÃ¤ndnis. Der Mann ist so dumm, die Instrumentalisierung des #BfV durch die Feinde der Demokratie auch noch einzugestehen. #SPD #AfD https://t.co/xLpvxexXX7",HOF,OFFN,1
2745,2745,hasoc_de_2746,Wir hatten schon mal so ein #nohatespeech Netzwerk in Deutschland. HieÃŸ damals noch #Stasi. https://t.co/vEZJQUMNRY,HOF,HATE,0
1624,1624,hasoc_de_1625,@Ungebeten1 Und heute ist ein EU-Preis nach dem Irren benannt ...    https://t.co/0KemoyzTBV,HOF,OFFN,1
3063,3063,hasoc_de_3064,@Hartes_Geld @hamaro777 Aus GrÃ¼nden des Protests werde ich die nÃ¤chsten 40 Tage nur Dosenfleisch essen!    Habe schon zwei Dosen vorgelagert!    #Protest  #Ferkeldiskriminierung  #Regierung   #Ferkel Ã¤hh #Merkel,HOF,OFFN,1
1479,1479,hasoc_de_1480,Es gibt Tage ... da wÃ¤re ich gern Sachse. ğŸ˜‡  #AfD mit Ã¼ber 25% stÃ¤rkste Partei in #Sachsen.  Ihr habt es wirklich geschafft. Super gemacht. ğŸ‘  #EUWahl19,NOT,NONE,2
1078,1078,hasoc_de_1079,"Ehrendoktor fÃ¼r eine 16-jÃ¤hrige SchulschwÃ¤nzerin, die einen an der Waffel hat!  ğŸ˜‚  Solche Aktionen wird man in GeschichtsbÃ¼chern mal nachlesen und sich wundern kÃ¶nnen, 'wie es bloÃŸ dazu kommen konnte'.  #Greta https://t.co/L7YFPfIuf7",HOF,OFFN,1
3490,3490,hasoc_de_3491,"@JaNuWatn  Hi. Ich wollte Bescheid sagen: beim Herumsurfen gesehen, daÃŸ  @ MTubeman  @ NoWehrMUC  @ Jaxxon2905  @ 8694sundance  @ JustNobody2018  Deine Tweets bei @ TwitterSupport melden, anschlieÃŸend bei Erfolg  (LÃ¶schung) auf @ HetzlichenDank verÃ¶ffentlichen  --&gt;am besten Blockieren! ğŸ˜‰",NOT,NONE,2
682,682,hasoc_de_683,"@MartinTeutone @clydevpg @MediterrNewsNet Naja, immerhin sollen #FlÃ¼chtlinge ja auch #Atlantis und das #Bernsteinzimmer gefunden haben ğŸ˜‚ğŸ˜‚ğŸ˜‚",NOT,NONE,2
1693,1693,hasoc_de_1694,der friedliche Islam ğŸ‘ŒğŸ¤”  hat ja wie jeder es kennt Respekt und Ehre vor jeder anderen Kultur ğŸ§  es geht eben schon von kleinauf los und hier bei uns soll es anders sein??ğŸ¤”ğŸ¤”  Die lachen doch die SaudoofenDeutschen nur aus  UND  die haben es nicht anders verdient die Doofmichels https://t.co/ErRoDTGVue,HOF,OFFN,1
3708,3708,hasoc_de_3709,@Ungebeten1 @Invictu53409591 Guck dir mal die GayPride-Paraden an. Dort nehmen die alle mÃ¶glichen Drogen und laufen fast nackt rum und benehmen sich wie Irre. Irgendwie ist es schwierig einen normalen Homosexuellen zu finden. Die sind alle geistesgestÃ¶rt. Darum will man mir denen nichts zu tun haben.,HOF,HATE,0
1900,1900,hasoc_de_1901,"Wenn ihr jetzt so viele Irre seid, kriegt ihr dann alle auf einmal Ausgang oder wie regeln eure Pfleger das? ğŸ¤”  Ist schon eine organisatorische Meisterleistung, wenn die Psychiatrie geschlossen zum Wandertag ausrÃ¼ckt.  Respekt. https://t.co/y3Zx7HBBun",HOF,OFFN,1
699,699,hasoc_de_700,"Genau, den #Weltfrieden retten und den #Krieg mit diversen #FachkrÃ¤ften gewinnen! Falsche #Schwerpunktsetzung! Erst mal wieder kÃ¤mpfen kÃ¶nnen und kÃ¤mpfen wollen! https://t.co/p8kiSBPVGu",NOT,NONE,2
3688,3688,hasoc_de_3689,"@realJohr @LoveGuerillos @MalteKaufmann Das frag ich mich auch da stimmt doch was nicht. Aber ohne aufrechte Antifaschisten die mit Herzblut gegen den braunen Faschisten Verein AFD, Nazis kÃ¤mpfen. Das unser buntes vielfÃ¤ltiges Deutschland nicht im braunen Faschismus versinkt hÃ¤tte er seine 20.000 Follower nicht ğŸ˜‚ğŸ˜‚ğŸ˜‚",HOF,HATE,0
2844,2844,hasoc_de_2845,Sie werden mit ihren grausamen Stimmen â€šAllahu Akbar' schreien und Menschen tÃ¶ten. DAS SIND UNSERE FEINDE!!!â€œ,HOF,OFFN,1
3251,3251,hasoc_de_3252,@FinjaFinte Vermutlich will eine bestimmte Gruppe diese Gegend fÃ¼r sich beanspruchen und die Einheimische dort verdrÃ¤ngen. Besonders in Rosengard wohnen Ã¼berwiegend Muslime. Anders kann ich mir das nicht vorstellen bei dem Terror der dort herrscht.,HOF,OFFN,1
2441,2441,hasoc_de_2442,Weg mit der Judensau !?! |Â AKTUELL https://t.co/fz2wqfXAzc https://t.co/cQiDv2fGRK,HOF,HATE,0
1080,1080,hasoc_de_1081,"Bei Ausschreitungen der Klima-Spinner in #Wien geht die #Polizei robust gegen 'deutschen Berufsdemonstranten' vor: Kopf unter den Polizeiwagen und kurz anfahren, erschrecken den #Greta-JÃ¼nger heftig!  https://t.co/8PBIw77n4P https://t.co/jb0h3Og93i",HOF,OFFN,1
1632,1632,hasoc_de_1633,"Unter dem Hashtag #TurksAreComingForIceland kann man sehen, warum viele Menschen TÃ¼rken nicht leiden kÃ¶nnen. Eine Volksgruppe, die sich Ã¼berall auf der Welt wie eine offene Hose auffÃ¼hrt.",HOF,HATE,0
1014,1014,hasoc_de_1015,Hinweise und Informationen zur Sicherheit im Netzâ€¦https://t.co/LQtVF9EQSN https://t.co/ft5O8Y7hRX https://t.co/zp4P0okoIU,NOT,NONE,2
1645,1645,hasoc_de_1646,"FrÃ¼her feierte man zu #Pfingsten, dass der Heilige Geist Ã¼ber die Menschheit kam, heute feiert man eine 16jÃ¤hrige Autistin, die glaubt, sie kÃ¶nne CO2 sehen, mit einem Ehrendoktortitel.  DemnÃ¤chst wird uns Greta mit dem Heiligen Klimageist beglÃ¼cken.  Wir sind verloren...",HOF,OFFN,1
776,776,hasoc_de_777,"Klasse, die Dame - in jeder Hinsicht!ğŸ˜‰ https://t.co/5ExwrwS3xR",NOT,NONE,2
1716,1716,hasoc_de_1717,Mascha wartet schon ;). Allen ein schÃ¶nes Wochenende ğŸ˜€ğŸ˜€ğŸ‘ğŸ‘ğŸ‘ https://t.co/4VXuO9qISa,NOT,NONE,2
1198,1198,hasoc_de_1199,"Das Foto zur Schlagzeile finde ich sÃ¼ÃŸ. Auch, wenn mir die kleinen Mohammeds etwas blass vorkommen.  #Mohammed https://t.co/pynfrzkfjI",HOF,OFFN,1
1897,1897,hasoc_de_1898,"#FrohePfingsten, Herr @StBrandner!   MÃ¶ge der (alkoholische) Melissengeist Ihre Blutbahn erreichen: Sie haben es dringend nÃ¶tig - lange sind ihre juristisch miesen Kenntnisse im Bundestag nicht mehr zu ertragen: Es geht nie bergauf, wenn Sie nicht Nachhilfe nehmen    #Afd #noAfd https://t.co/0YZGjAEcoP",HOF,OFFN,1
509,509,hasoc_de_510,"WÃ¼rde das die #AfD machen, wÃ¤re die 'Kacke am dampfen' https://t.co/wd1LhcH4rm",HOF,PRFN,1
1863,1863,hasoc_de_1864,Das war mal noch eine respektable Richtung...wie heiÃŸt immer...alte Wahrheiten!!!!â˜ï¸ https://t.co/1U7d2k6PV8,NOT,NONE,2
2347,2347,hasoc_de_2348,"Zwangsheirat und Vergewaltigung - diese Unkultur fÃ¶rdern Linksverblendete und Multi-Kulti-Klatscher in Deutschland, inszenieren andererseits aber die Ã¼bertriebene #metoo-Kampagne. Was fÃ¼r linke Heuchelei! #AfD #Poggenburg    https://t.co/HxLyWTPCRR",HOF,HATE,0
1815,1815,hasoc_de_1816,"Hab ne Kippa gekauft, reingeschissen und in die Al-Quds-Demo geworfen.  Ist das multi-kulti genug ?ğŸ¤”ğŸ¤”ğŸ¤ªğŸ¤ª",HOF,OFFN,1
3025,3025,hasoc_de_3026,"@Hartes_Geld Krass, die dÃ¼mmste Generation ever. FÃ¼r mehr (sinnlose) Steuern! #krankehirne",HOF,OFFN,1
1809,1809,hasoc_de_1810,Grenzenlose Dummheit .....Intelligenz kannst halt nicht kaufen !  es muss fÃ¼r Hermine sehr schwer sein durch das leben zu gehen! mit so tollem Aussehen...ğŸ˜‚ igitt  darum meldet man sich dann Ã¼ber das Internet wo man nur einen kleinen teil der Speckfresse sieht ğŸ‘âœŒï¸uhhh nicht melden https://t.co/ZuVOFX74sw,HOF,OFFN,1
1979,1979,hasoc_de_1980,"Man darf nur eine Meinung in #Deutschland haben. Andere Meinungen werden mit KÃ¶rperlichen Gewalt unterdrÃ¼ckt! Zum Thema Meinungsfreiheit in #Deutschland!     ++ #AfD ++ 'Es stehen Leute da, die unser Totschlagen besingen!'  #SPD #CDU #Europa #Sicherheit #MerkelLand #Asly #Merkel https://t.co/5w4inyuHOy",HOF,HATE,0
1579,1579,hasoc_de_1580,"ğŸ‡©ğŸ‡ª ğŸ’™ ğŸ‘ ğŸ‘ ğŸ‘ ğŸ‘ Sehr gut, diesen tÃ¼rken muss man die Grenzen zeigen. â€¼ï¸ ğŸ’ https://t.co/rv2Y0bHhwe",HOF,HATE,0
1969,1969,hasoc_de_1970,Wir mÃ¼ssen zur RealitÃ¤t finden und der GrÃ¼nenmafia die Stirn bieten.     https://t.co/s2Ptao8ROm https://t.co/GExcVmCGJ4,HOF,HATE,0
1749,1749,hasoc_de_1750,Es geht um 900.000 Euro: GroÃŸer Carsharing-Betrug bei der Bundeswehr    Na haben wir ja lange nichts mehr von unserem Liebling von der Leichen gehÃ¶rt  die wird Gott danken fÃ¼r die KlimadebatteğŸ˜¡ğŸ˜¡ğŸ‘ğŸ‘  die kann so ungestÃ¶rt am Stuhl kleben bleiben-Machterhalt um JEDENPreisğŸ¤® https://t.co/FofetWjjJk,HOF,PRFN,1
303,303,hasoc_de_304,"Retweete diesen Tweet, wenn du auch dafÃ¼r bist, dass â€œFlÃ¼chtlingeâ€œ in Wohngebiete von GrÃ¼n-WÃ¤hlern angesiedelt werdenğŸ¤¨ğŸ¥³",HOF,HATE,0
1029,1029,hasoc_de_1030,"GRÃœNE: Krasses Deutschland 2019, Ein Beitrag der sich jeder ansehenÂ sollte https://t.co/uDQxdwYR2a",NOT,NONE,2
2147,2147,hasoc_de_2148,Brief an â€œN.â€ â€“ Horst Mahler am 6. MÃ¤rzÂ 2019 https://t.co/IoQMKhYTVp https://t.co/mmI6GA7hwn,NOT,NONE,2
2905,2905,hasoc_de_2906,"@Uwe_Junge_MdL Herr Junge, sie haben sich also auch an Tod von Walter LÃ¼bcke ergÃ¶tzt mit ihrem rassistischen, antisemitischen, antidemokratischen, homophopen Verein AfD. Ihr werdet NIE was zu melden haben. https://t.co/p9plKCEI0p",HOF,OFFN,1
2408,2408,hasoc_de_2409,"Liebe Linksfaschos:  Ich werde euch weder auf meine von euch gescreenshotteten Tweets mit eurem Unsinn drunter, auf 2. Accounts oder Beleidigungen per DM antworten. Was nicht heiÃŸt, dass ihr Recht habt, sondern dass ich euch keine Reichweite durch ErwÃ¤hnung schenken will.",HOF,HATE,0
2702,2702,hasoc_de_2703,"#Oberhaching: 'Money, money!' Arabisch wirkende Kriminelle rauben in einem #EDEKA unter Vorhalt eines #Messer /s mehrere 10.000 â‚¬ und lassen die Mitarbeiterinnen gefesselt zurÃ¼ck - die geschockten Frauen werden durch das Kriseninterventionsteam betreut  https://t.co/ED4ijUTc0y",HOF,HATE,0
378,378,hasoc_de_379,@BeaBohne https://t.co/3r7XifNxsa  SchÃ¶nes Wochenende,NOT,NONE,2
305,305,hasoc_de_306,Notre Dame brennt.  Die Welt ist erschÃ¼ttert.  Muslime feiern.    Keine Pointe.ğŸ˜”,HOF,HATE,0
2668,2668,hasoc_de_2669,"#Bexbach: Drei syrische Jugendliche bedrohen am Pfingstwochenende an drei Tagen hintereinander Bahnreisende, auch mit Messer und belÃ¤stigen Frauen und MÃ¤dchen - Polizei lÃ¤sst sie immer wieder laufen  https://t.co/plbzEOHNHC",HOF,HATE,0
1640,1640,hasoc_de_1641,@Linksfraktion @voglerk Seid ihr so blÃ¶d oder tut ihr nur so?  Sie wissen genau wer die Judenhasser in Deutschland sind! Die Merkel GÃ¤ste! Aber so mÃ¼sstet ihr ja zugeben das eure FlÃ¼chtlingspolitik fÃ¼r den Arsch ist!,HOF,PRFN,1
1637,1637,hasoc_de_1638,"Die Tante schreibt in ihrer Vita: 'Hasspropaganda wird geblockt.'  Und dann so ein Tweet...  Und im Ãœbrigen bin ich nicht nur fÃ¼r ein Verbot der Hisbollah, die gesamte Moslem-Sekte sollte als verfassungsfeindlich verboten werden. https://t.co/qnBRdo43S8",HOF,HATE,0
864,864,hasoc_de_865,Sexueller Ãœbergriff auf ein Kind: Hubschrauber Ã¼ber RoÃŸlau: Polizei nimmt Mann fest https://t.co/6TSlmjOAHt,NOT,NONE,2
1915,1915,hasoc_de_1916,"'Ich habe doch nur ein MÃ¤dchen totgemacht', erklÃ¤rt Ali B.  Ansonsten mag Ali Deutschland, weil er ohne Arbeit Geld bekommt und unbeschwert saufen und Drogen dealen kann.  #Susanna https://t.co/6HVw24kbCo",HOF,OFFN,1
280,280,hasoc_de_281,Leider zu viele Blind unterwegs. https://t.co/Ct8xOL3D7Z,NOT,NONE,2
2284,2284,hasoc_de_2285,"#AfD-MdB Ulrich #Oehme:  Â»Erschreckend, dass Scharia-Recht weitaus mehr in nicht-islamischen LÃ¤ndern des #EuroparatÂes wie ğŸ‡¬ğŸ‡§, ğŸ‡¬ğŸ‡· und neuerdings auch in ğŸ‡©ğŸ‡ª â€“ wie zum Beispiel die #Kinderehe â€“ als Paralleljustiz praktiziert beziehungsweise geduldet wird.Â«  https://t.co/aP94ZEGdeB",HOF,HATE,0
1041,1041,hasoc_de_1042,Kategorie C â€“Antifa HaltsÂ Maulâ€“ https://t.co/hOn9QzMiuh https://t.co/xEHNIiE01N,HOF,PRFN,1
2735,2735,hasoc_de_2736,Contra-Mag.:Macron will dem strategischen Dialog mit Russland neue Impulse geben: Der franzÃ¶sische PrÃ¤sident Emmanuel Macron erklÃ¤rte: â€Europa braucht einen neuen Dialog Ã¼ber Fragen des Vertrauens und der Sicherheit in den Beziehungen zu Russland.â€œ Vonâ€¦ https://t.co/22twAeKI8N,NOT,NONE,2
3704,3704,hasoc_de_3705,@Ungebeten1 Hmh... eigentlich is es mir wurschd was die machen! Im Endeffekt ist dieses ganze Schwulen/Queer/Trans/TschÃ¤Ã¤Ã¤Ã¤nder GedÃ¶ns unendlich laaangweilig! Es nervt total! Ich als Hetero schrei auch  nicht die ganze Zeit rum dass ich auf Pussys und Titten steh!,HOF,HATE,0
722,722,hasoc_de_723,"StÃ¶rt #AfD-Wahlversammlung in Koblenz! Linksradikale MdL #KÃ¶bberling (#SPD)! Ihr Fraktionsvorsitzender #Schweitzer, der sich auch gerne mit der gewaltbereiten #Antifa zeigt, ist stolz darauf! https://t.co/2NgGmIaP5T https://t.co/E2bkJZHduv",NOT,NONE,2
104,104,hasoc_de_105,@SaschaUlbrich @symptompanik @Mundaufmachen @AfD Man kann wirklich nur verzweifeln. Warum haben die Politiker das zugelassen? Warum haben wir das zugelassen. Fck Islam. Ich will diesen Rotz aus meinem Land haben. ZurÃ¼ck in das Mittelalter mit euch.,HOF,HATE,0
1756,1756,hasoc_de_1757,Arbeiten kÃ¶nnen ja die doofen DeutschenğŸ˜¡ğŸ˜¡  wir kommen auch ohne Arbeit an ihr GeldğŸ¤¢ğŸ¤¢ https://t.co/d7LnpURWd9,HOF,PRFN,1
3647,3647,hasoc_de_3648,@realJohr Also mit Vollgas in den Abgrund???   #Demokratiestirbt  #NazisRaus  #fckafd  #NoNeo,HOF,HATE,0
2163,2163,hasoc_de_2164,5G-Strahlungâ€¦jeder sollte detailliert sich Ã¼ber die GefahrenÂ informieren https://t.co/XOO2cFzALg https://t.co/JiCGa6A43B,NOT,NONE,2
1603,1603,hasoc_de_1604,"@Technik_u_Welt Offensichtlich nennen Sie nicht nur Nazis, sondern alle Menschen, die nicht Ihrer Meinung sind, #Nazi",NOT,NONE,2
1987,1987,hasoc_de_1988,"@TichysEinblick Da Vater Staat sich immer mehr an seinen Kindern vergeht, nenne ich ihn nur noch 'Kinderficker'.  Ein ganz Ã¼bles Wort, ich weiss.  Aber es passt.",HOF,OFFN,1
3183,3183,hasoc_de_3184,"@npistcool @BerLindow @90Minjoker1 @polizeiberlin Nix #merkelmussweg, Merkel hÃ¤tte nie passieren dÃ¼rfen. Ich wÃ¼nschte ich hÃ¤tte eine Zeitmaschine und kÃ¶nnte das kaputte Kondom austauschen, aber auch die von anderen VÃ¤tern von Linken. Erst die DDR mit kaputt gemacht und jetzt ganz Deutschland und Europa. ğŸ˜¢    Teil-Satire by Wil",HOF,HATE,0
3702,3702,hasoc_de_3703,@realJohr Diese Form von Wahlkampfeinmischung aus dem Ausland geht scheinbar wohl klar. Sind ja immerhin keine Russen.,HOF,OFFN,1
3723,3723,hasoc_de_3724,"@Ungebeten1 @nullachtk Na zumindest gegen schwul kann man nichts sagen. Wer das als Schimpfwort benutzt,ist ein geistiger Tiefflieger, der nichts gelernt  hat.",NOT,NONE,2
2344,2344,hasoc_de_2345,"@VenomStrike3 @ITUADE @Dieter_Stein @AfD Abgesehen vom schleichenden Verlust der nationalen IdentitÃ¤t und Kultur haben wir mit vielen Einwanderergruppen auch kaum Probleme. Es gibt aber ein spezifisches Problem mit Einwanderung aus islamischen LÃ¤ndern, siehe Sarrazins Buch. Viele Muslime wollen sich gar nicht Ã¤ndern.",HOF,HATE,0
1925,1925,hasoc_de_1926,Der Pendelschlag vom BÃ¶sen zum Guten ist nicht mehr zuÂ stoppen https://t.co/GtYdm6hBqI https://t.co/zw7BTKU9Sw,NOT,NONE,2
2714,2714,hasoc_de_2715,"Da wÃ¼rde ich gar nicht lange fackeln. Ab nach Hause in die Heimat und da kÃ¶nnt ihr euren Glauben ausleben, so... https://t.co/I7EH2M88PZ",HOF,HATE,0
2536,2536,hasoc_de_2537,Wir haben gestern Game of Thrones zuende geschaut. Jetzt kann ich endlich diese Liste wieder lÃ¶schen. So viele ArschlÃ¶cher schicken Spoiler in die Welt. Es gibt nicht genug Drachenfeuer fÃ¼r alle. https://t.co/iLT5iHet6E,HOF,PRFN,1
600,600,hasoc_de_601,LÃ¤cherlich! https://t.co/SrqU2wLnzp,NOT,NONE,2
3797,3797,hasoc_de_3798,@BlondJedi @annewill Mal ehrlich - welche Frau will schon einen Schwarzafrikaner? Frau Anne Will bestimmt auch nicht!,HOF,HATE,0
2381,2381,hasoc_de_2382,"MMNews: IS droht Bayern: Im Internet ist ein Drohschreiben des Islamischen Staates aufgetaucht, in dem Bayern aber auch Deutschland Vergeltung angedroht wird. Grund: UnwÃ¼rdige Asylbedingungen fÃ¼r Muslime. 'Mit Allahs Hilfe Ã¼berschÃ¼ttet der IS Bayern mitâ€¦ https://t.co/5VnsxkApGp",HOF,HATE,0
2258,2258,hasoc_de_2259,"Warum mÃ¼ssen bei solchen Projekten 'FlÃ¼chtlinge' immer junge MÃ¤nner und Frauen immer Einheimische sein?    Ein Projekt mit jungen, deutschen MÃ¤nnern und FlÃ¼chtlingsmÃ¤dchen hab ich noch nie gesehen.    https://t.co/Sg7yGSnyek",NOT,NONE,2
2396,2396,hasoc_de_2397,"Fasching 2070: Ein Buntling, wohnhaft in ehemals 'Deutschland', verkleidet sich als indigener Deutscher!    Werden Bessermenschen das wegen Rassismus gegenÃ¼ber einer fast ausgestorbenen Minderheit verurteilen oder es verbieten, weil es immer noch 'Nazi' ist?  #Indianer",HOF,HATE,0
2652,2652,hasoc_de_2653,"Stellenausschreibung fÃ¼r einen Job, in dem man fast nur mit digitaler Technik zu tun hat.   Bewerbungsunterlagen werden nur per Papierpost angenommen. ğŸ¤¨",NOT,NONE,2
2755,2755,hasoc_de_2756,"â€PersÃ¶nlich wird die ZehnjÃ¤hrige nach jetzigem Stand nicht mit #Rebecca's Eltern sprechen, weil die Mutter dagegen sei.â€œ    Was es doch fÃ¼r herzlose MÃ¼tter gibt â€“ Mein persÃ¶nlicher Eindruck  Passt zu: Verrecke Du mieses StÃ¼ck-Slogan von #GRÃœNEN.ğŸ˜¢  #findbecci  https://t.co/fIiPAznmrK",HOF,OFFN,1
1383,1383,hasoc_de_1384,ğŸ·ğŸ½'PRO CHEMNITZğŸ–ğŸ½ğŸ·ğŸ–ğŸ½ğŸ·ğŸ–ğŸ½ğŸ· Mitstreiter wurden nach der heutigen Demonstration von Asylbewerbern mit Messern angegriffen'.Â ğŸ˜¡  https://t.co/bFQ3V1YKOj,HOF,PRFN,1
2749,2749,hasoc_de_2750,@gutmenschkind @spdde Diese verkommene Haltung scheint aber normal in der #SPD s PÃ¶belralle @Ralf_Stegner + er hier https://t.co/evG1lPq6Vc,HOF,HATE,0
1434,1434,hasoc_de_1435,Und die #SPD hat zu viele Kandidaten fÃ¼r gewonnene Sitze...  #AfD ğŸ˜€ https://t.co/QKqd7ISOmJ,NOT,NONE,2
1699,1699,hasoc_de_1700,Pfingsten Ã¤ndert sich Ã¼ber die JahreğŸ‘ŒğŸ‘ğŸ‘  frÃ¼her Pfingstochse  heute SPD-SchweineğŸ˜‚ğŸ˜‚ğŸ˜‚ğŸ‘ŒğŸ‘Œ https://t.co/TKaxBNU5rQ,HOF,OFFN,1
387,387,hasoc_de_388,Wie kann man so verroht sein? Notre Dame: Jubel bei fanatischen Muslimen und der â€Antifaâ€œ Ã¼ber die ZerstÃ¶rung der Kathedrale https://t.co/JijD4YHiUk via @DrDavidBerger #NotreDameFire #NotreDame #NotreDameCathedral #Antifa,HOF,HATE,0
3148,3148,hasoc_de_3149,"@Hartes_Geld War wieder ein Kulturbereicherer auf Beteicherungstour. HÃ¤tten die â€Nazisâ€œ was drauf, wÃ¤re das Problem schon lÃ¤ngst ohne die lÃ¤cherliche deutsche Kuscheljustiz gelÃ¶st!!",HOF,HATE,0
3689,3689,hasoc_de_3690,"@realJohr Ich werde diesen Ã¼blen Nazi @StBrandner , also den #Reichstagsbrandner, jetzt auch blocken.    Soll sich seine bekackte Reichweite woanders suchen.",HOF,HATE,0
2139,2139,hasoc_de_2140,HC Strache erklÃ¤rt: BevÃ¶lkerungsaustausch istÂ Faktum! https://t.co/BVu6bE36bk https://t.co/tmLK8MQttH,NOT,NONE,2
2224,2224,hasoc_de_2225,"44% Messerangriffe, 10% BevÃ¶lkerungsanteil. Die Linken wollen es einfach nicht wahrhaben. #Michael",HOF,HATE,0
3739,3739,hasoc_de_3740,@Ungebeten1 Deren wohl gewÃ¤hlte Ausdrucksweise  liegt wohl an den Ziegen Genen ğŸğŸš¶ğŸ¾â€â™‚ï¸,HOF,HATE,0
1598,1598,hasoc_de_1599,"@Ungebeten1 Hatte ihm was Ã¤hnliches geschrieben, zu einem anderen Erguss seinerseits, jetzt hat er mich geblockt. ğŸ˜‚ğŸ˜‚ğŸ˜‚  Uffbasse Grossmeister ZopfgedÃ¶ns nicht das du der nÃ¤chste bist. ğŸ˜  https://t.co/47uxwBy7BC",HOF,OFFN,1
2255,2255,hasoc_de_2256,"Die #AmadeuAntonioStiftung, deren Hauptfunktion im BraunfÃ¤rben jeder Form von Nonkonformismus besteht, hat sich eine neue Opfergruppe erschlossen: Die Aufarbeiter von #SED-Verbrechen.    https://t.co/t7ByIVSct5",HOF,HATE,0
3177,3177,hasoc_de_3178,"@Hartes_Geld Ausweisen, Gelder sperren und lebenslanges Aufenthaltsverbot in Deutschland.  PS.Gilt Prophylaxetisch aber auch fÃ¼r linke und GrÃ¼ne WÃ¤hler, zusammen kÃ¶nnen sie sich ihr Schlaraffenland bauen.  Wenn man so etwas sieht fordere ich Waffenfreiheit fÃ¼r Deutsche",HOF,HATE,0
2070,2070,hasoc_de_2071,Cheblis Vater beim Clantreffen:   'Wo geht's hier nach Aldi?'  Cheblis superschlaue Nichte verbessert: 'Zu Aldi!'  Chebli: 'Was? Schon zu Aldi?'  #chebliwitze,HOF,OFFN,1
3585,3585,hasoc_de_3586,@FinjaFinte @MolleKuel Der Beginn unserer Deindustriealisierung...wir sind am Arsch wegen dieser Ã–ko-Kasper,HOF,PRFN,1
2672,2672,hasoc_de_2673,"Jetzt habe ich es von Facebook schriftlich bestÃ¤tigt bekommen. Die Vergewaltigung und der sexuelle Missbrauch von Kindern durch die AngehÃ¶rigen der allahu-akhbar-Sekte ist in Ordnung.    Kritik daran ist 'Hassrede', fÃ¼r die man 30 Tage gesperrt wird.    Wie krank ist das denn???",HOF,HATE,0
3192,3192,hasoc_de_3193,Nur ne Frage an die Berliner Polizei &amp; Andere von einem Idioten. ğŸ˜¢    #findbecci endlich #rebecca #baqqu #instagram #bekanntschaft #freund #schwager #schwagerwars @polizeiberlin https://t.co/ozsyuYdxIx,HOF,PRFN,1
2054,2054,hasoc_de_2055,#Deutschland 2019 #SPD #CDU #Merkel Migranten ##RefugeesWelcome https://t.co/BVZQkVuhzD,NOT,NONE,2
3080,3080,hasoc_de_3081,@Hartes_Geld @Joe130978 Die leben sowas von vom Drogendealen ğŸ˜‚    Typisch Frankfurt ğŸ˜‚    So muss das !   Der selbstÃ¤ndige Mittelstand muss gefÃ¶rdert werden ğŸ’ª,HOF,OFFN,1
2717,2717,hasoc_de_2718,"Wer gedenkt der vielen Toten, die durch Migrantengewalt ums Leben gekommen sind? https://t.co/EmvZPbFP9L",HOF,HATE,0
2422,2422,hasoc_de_2423,"Imad #Karim heute abend vor der @AfDimBundestag: â€Zwischen dem #Islam und der Mafia gibt es vor allem drei Gemeinsamkeiten: Man wird hineingeboren, man kann auch beitreten, aber keiner kann austreten.â€œ Austritt bedeutet das Todesurteil. #Apostasie https://t.co/UzDrbvBcHZ",HOF,HATE,0
3692,3692,hasoc_de_3693,@realJohr @foffo Frau Steinbach Demenz vorzuwerfen ist unredlich weil es alle Demenzkranken  beleidigt. Hirntod ist der richtige Ausdruck fÃ¼r die.,HOF,OFFN,1
547,547,hasoc_de_548,Traue keinem #SPD'ler - StaatssekretÃ¤r widerspricht Polizeichef #NRW #Silvester #koelnhbf #Koeln https://t.co/bodeesLv21,NOT,NONE,2
3703,3703,hasoc_de_3704,"@Ungebeten1 @Invictu53409591 Ich finde es widerlich . Sitze beim Arzt im Wartezimmer, und Schwule  stecken  sich die  Zunge in den Hals, und fummeln  sich gegenseitig an den KlÃ¶ten .  ...mir kommt in der Merkel Diktatur  nur noch das  kotzen ...!!",HOF,HATE,0
1289,1289,hasoc_de_1290,"Rechte Kreise! ArschlÃ¶cher sind das! Braune, dumme ArschlÃ¶cher! #FCKNZS https://t.co/wGLOeDuByn",HOF,OFFN,1
3729,3729,hasoc_de_3730,@Ungebeten1 @HastaLa40450101 Ein Bastard ist ein auÃŸereheliches Kind. So wie unser Willy Brandt sich damals als Bastard bezeichnen lassen musste.    Das ist egal ob Biodeutsch oder Rassenmischling.,HOF,PRFN,1
133,133,hasoc_de_134,"@baerbeli04 @bernd471 Ich bin selbst aus dem Westen, aber davon kÃ¶nnen sich die gehirngewaschenen Weichbirnen mal eine Scheibe abschneiden.",HOF,OFFN,1
1619,1619,hasoc_de_1620,"@Contbau @BKsoll @Ungebeten1 Es geht gar nicht darum, was sie kosten. Es geht darum, dass es fÃ¼r sie AUSGEGEBEN wird! Denn wenn es fÃ¼r sie ausgegeben wird, dann nimmt es woanders auch wieder jemand ein! Z.B. der Vermieter oder der Sozialdienst oder die Kirche oder die Ã„rzte!!!",NOT,NONE,2
1719,1719,hasoc_de_1720,"Hahaha...es wird immer besser in der Freiluftklapse. Der Hamburger LÃ¼gen-Speichel puscht den narzisstischen SchÃ¼lersprecher und Ex-Callcenter-Agenten noch zum Kanzler hoch. Dann hat Deutschland das, was es verdient: 'ne Luftpumpe, die sagt, wo' s langgeht.ğŸ‘ğŸ‘ https://t.co/Jo9V3rsBEe",HOF,OFFN,1
1003,1003,hasoc_de_1004,Nikolai: Inszenierte Gerechtigkeit inÂ Pankow https://t.co/tnG6esDfsz,NOT,NONE,2
291,291,hasoc_de_292,@SteinbachErika 'Herr' Stegner bezeichnet die AfD als 'Bande' und unterscheidet auch bei Attentaten im Sinne rotgrÃ¼nversiftem Mainstream. https://t.co/O3ZSWEdA2t,HOF,HATE,0
2709,2709,hasoc_de_2710,"Contra-Mag.:Seyran Ates: â€Der politische Islam Ã¼bernimmt Deutschlandâ€œ: Deutschland braucht eine radikale Kurswende in seiner Politik gegenÃ¼ber dem Islam. Das sagt Seyran AteÅŸ, prominente Frauenrechtlerin und AnwÃ¤ltin. Sonst drohe das Land vom politischenâ€¦ https://t.co/GygOQKj5CW",HOF,HATE,0
1600,1600,hasoc_de_1601,"@Technik_u_Welt Wenn sexuell unterversorgte alte Schachtel mit Aufmerksamkeitsdefizit Sie jetzt treffend beschreibt, dann lassen Sie es mich wissen.  Oder auch nicht.",HOF,OFFN,1
1254,1254,hasoc_de_1255,"Es vergeht kaum ein Tag ohne Rassismus. Eine der â€netterenâ€œ Nachrichten des heutigen Tages -mehr mÃ¶chte ich Euch heute ersparen: â€Sie sind mit 12!!! Geschwistern hier durchgefÃ¼ttert worden... Sie haben doch genug Geld, nehmen (Sie) Ihre Mischpoke mit in das Land Ihrer TrÃ¤ume... https://t.co/W843X7KdID",HOF,OFFN,1
3667,3667,hasoc_de_3668,"@realJohr Na, jetzt greifen die Honks, unter der FÃ¼hrung ihrer braunen Hetz- und Hass- Schachtel an und kommen aus ihren rechtsversifften Ecken. Wenn dann noch die Dummheit der Flatrate-Nazis in der Dauerschleife des Hasses und der Hetze aufgeht, haben sie sich selbst als Nazis geoutet.",HOF,HATE,0
3724,3724,hasoc_de_3725,"@Ungebeten1 @dierrw Und jetzt? Bist trotzdem ein HS. Du bist der beste Beweis dass man keine Mutter braucht um ein Hurensohn zu sein. Frust bei dir izzda weil du unterlegen bist :). Und wir wissen alle, dass tÃ¼rkisch eine der schÃ¶nsten Sprachen der Welt ist â¤ï¸ğŸ™ğŸ¼",HOF,PRFN,1
2731,2731,hasoc_de_2732,"Den Satz muss ich mir merken, wenn sich wieder einer in die Luft sprengt!  Er wollte nur seine Relugion ausÃ¼ben.. ğŸ˜‚ https://t.co/rVhnXx04S3",HOF,HATE,0
2088,2088,hasoc_de_2089,"â€œFaktenverbotâ€, â€œDeutschen zu Tode quÃ¤lenâ€, â€œFlÃ¼chtlinge als â€œMassenvernichtungswaffeâ€??? https://t.co/7hv32fmoUv https://t.co/qagg0R51Oc",NOT,NONE,2
712,712,hasoc_de_713,"Der politische #Islam ist im Kern antisemitisch, antichristlich und zutiefst undemokratisch - er gehÃ¶rt nicht zu #Deutschland! https://t.co/h8AfgOqPMI",HOF,HATE,0
2965,2965,hasoc_de_2966,"@Hartes_Geld Sollte einer meiner SÃ¶hne mal so nach Hause kommen, dann gnade euch Gott ihr Parasiten!",NOT,NONE,2
2591,2591,hasoc_de_2592,"WÃ¤hrenddessen, in der Dritten Welt:    https://t.co/PtAVjy55qV",NOT,NONE,2
586,586,hasoc_de_587,Was ist hier das Problem? Der #GefÃ¤hrder selbst oder die richterliche Auslegung von Gesetzen? Der Schutz des BÃ¼rgers muss oberste PrioritÃ¤t haben! https://t.co/TlpC8t6jEt,NOT,NONE,2
1912,1912,hasoc_de_1913,"Hallo Frau Merkel.     Bitte keine â€Facharbeiterâ€œ mehr, die angeblich meine Rente sichern.     Das wird auch in der dritten Generation nichts.     Ich verhungere lieber als dass ich erstochen werde.",HOF,OFFN,1
1085,1085,hasoc_de_1086,"Das nenne ich konsequent! âš¡#SriLanka wirft 200 islamische Geistliche aus dem Land.âš¡   Warum geht das in ğŸ‡©ğŸ‡ª nicht? MÃ¼ssen wir warten, bis die Saat des Hasses von #Islamisten und #Salafisten zu neuen TerroranschlÃ¤gen fÃ¼hrt? #SriLankaTerrorAttack   https://t.co/zh1fmgJU9M",HOF,HATE,0
1664,1664,hasoc_de_1665,"#Aschiebehaft u. die #GrÃ¼neKhmer, mehr muss man eigentlich nicht wissen.  Falls es dem Herrn Lauinger entgangen sein sollte, hier noch mal zum Mitschreiben fÃ¼r Menschen mit Denkdefizit: Bevor ein Mensch in Abschiebehaft genommen wird, kann er immer noch freiwillig ausreisen. https://t.co/4Q7srVIica",HOF,OFFN,1
1633,1633,hasoc_de_1634,"Die wichtigste Frage dÃ¼rfte sein: Hat sich der Sultan aus Ankara auch angesagt und vor allem, spielen die TÃ¼rkenmuschis Ã¼berhaupt in kurzen Hosen?  Nicht, dass sie mit Schnupfen wieder abreisen! â˜ğŸ»  Ach so, dass ich fÃ¼r die Wikinger bin, ist klar?! #TurksAreComingForIceland",HOF,HATE,0
1867,1867,hasoc_de_1868,Sehr genau lesen..wie wir von den FFF..GrÃ¼nen und belogen werden...erst die VM Autos abschaffen...dann die E Autos...funktioniert nicht..die auch weg...ArbeitsplÃ¤tze...Sicherheit...Land weg....!!!!!â˜ï¸    https://t.co/9ukwT9EYde,NOT,NONE,2
282,282,hasoc_de_283,"Sie suchten und fanden nichts, dann spielten sie, 'Verstehen Sie SpaÃŸ' mit Lockvogel etc., Ergebnis bekannt. Eine Kampagne der  BRD mit den linksrotgrÃ¼nversifften Werkzeugen: DER SPIEGEL, SÃœDDEUTSCHE ZEITUNG und ZFD NEO mit BÃ–HMERMANN, gegen, noch souverÃ¤nes, Ã–sterreich. https://t.co/KgPOGmQo0M",HOF,HATE,0
3161,3161,hasoc_de_3162,"Die GrÃ¼nen schieÃŸen von Umfrage zu Umfrage in neue HÃ¶hen. Vor dieser Zukunft mÃ¼ssen wir Angst habenâ€¼ï¸ Die GrÃ¼nen werden von NGOs und den Mainstream-Medien immer weiter gepuscht. Wenn diese Entwicklung so weiter geht, droht uns eine grÃ¼ne Kanzlerschaft ğŸ™€ https://t.co/k90DdVSPxZ",NOT,NONE,2
2925,2925,hasoc_de_2926,@Hartes_Geld Diese DreckvÃ¶gel!,NOT,NONE,2
462,462,hasoc_de_463,"#MaaÃŸen ist eine groÃŸartige PersÃ¶nlichkeit, der Deutschland zu Dank verpflichtet ist. Er hat sich um die Sicherheit unseres Landes verdient macht. Jetzt widerspricht er Merkels Regierungspropaganda. Ehre, wem Ehre gebÃ¼hrt. #DankeMaaÃŸen",NOT,NONE,2
2452,2452,hasoc_de_2453,.@HeikoMaas in der Wahrnehmung des iranischen Regimes: â€Jawanâ€œ â€“ eine Zeitung der Revolutionsgarden â€“ verÃ¶ffentlicht anlÃ¤sslich seiner Iranreise eine antisemitische Karikatur des deutschen AuÃŸenministers. https://t.co/cqJFPOnaLH,NOT,NONE,2
2511,2511,hasoc_de_2512,Compact: Kalte Krieger in Pullach https://t.co/WiFpMlECXI,NOT,NONE,2
1630,1630,hasoc_de_1631,"Lenni, der vor fÃ¼nf Jahren 'beigetreten' ist und wahrscheinlich in weiteren fÃ¼nf Jahren volljÃ¤hrig sein wird, ist ein weiteres Beispiel dafÃ¼r, was passiert, wenn man Kinder freitags demonstrieren lÃ¤sst, anstatt ihnen Bildung einzublÃ¤uen. https://t.co/739ibVwqSv",NOT,NONE,2
38,38,hasoc_de_39,"ğŸ’©ğŸ‘‰'Cohn-Bendit ist kein altersverwirrter Spinner, sondern ein knallharter machtgeiler Kaderschmied der modernen Herrschsucht'. ğŸ‘ˆğŸ’©  https://t.co/PzlYD9T2RP",HOF,OFFN,1
2715,2715,hasoc_de_2716,"Eine Richterin mit Kopftuch erweckt in mir das gleiche Vertrauen zur Rechtsprechung,wie ein Richter mit Wehrmachtshelm. #Unbefangenheit",HOF,HATE,0
2695,2695,hasoc_de_2696,"Dass es so schnell ging und der TÃ¤ter nicht weiteres Unheil anrichten konnte, ist der als 'rassistisch' verunglimpften BevÃ¶lkerung von #RoÃŸlau zu verdanken! https://t.co/Oz8KGxXzuz via @DrDavidBerger #Dessau",NOT,NONE,2
