,Unnamed: 0,Unnamed: 0.1,text_id,text,task_1,task_2,label
1645,2530,2530,hasoc_de_2531,Die Denunziations-Initiative â€Reconquista Internetâ€œ inklusive der Hetze gegen die Familie der ermordeten Susanna wird belohnt.  #grimmepreis     https://t.co/8yrHVXc7DO,HOF,HATE,0
3051,1996,1996,hasoc_de_1997,FU** the #Islam !! https://t.co/jsbcOWLO8T,HOF,HATE,0
1056,1729,1729,hasoc_de_1730,da kann man gut lachen wenn man sich schÃ¶n die Taschen fÃ¼llen kann und  auf seine Themen Scheisst ğŸ’©ğŸ’©  selber fressen macht dick!!+was interessieren mich andere+ https://t.co/VnuQyoOOOV,HOF,PRFN,1
1769,1891,1891,hasoc_de_1892,"@ostmann1977 @LVZ @daniel_bruhl @ElleVisionnaire @brigittebrochet @boxingondvd @danielkehlmann Und 'Fremdenhass', der #AfD u. AnhÃ¤ngern unterstellt wird, ist kein Hass, sondern Angst vor 'FlÃ¼chtlingen', die angeblich Schutz in Deutschland suchen und kaum hier, uns Schutz und Sicherheit nehmen. Kein Hass, sondern Selbsterhaltungs- und Ãœberlebenswille.   @Einzelfallinfos",HOF,OFFN,1
1522,3739,3739,hasoc_de_3740,@Ungebeten1 Deren wohl gewÃ¤hlte Ausdrucksweise  liegt wohl an den Ziegen Genen ğŸğŸš¶ğŸ¾â€â™‚ï¸,HOF,HATE,0
2888,2128,2128,hasoc_de_2129,SCHARIA-EHE und deutscher Pass? KEINÂ PROBLEM! https://t.co/toVvPS6YUj https://t.co/ZZ5lypQKR2,NOT,NONE,2
1671,1099,1099,hasoc_de_1100,'Emotionaler Wortbeitrag'.  Genosse @MartinSchulz brÃ¼llt auf Parteifreund ein: 'Du bist ein Arschloch!'  https://t.co/5qIzxGdTA5 #spd,HOF,OFFN,1
1735,2302,2302,hasoc_de_2303,"MMNews: Weidel bekrÃ¤ftigt Kritik an Klimawandel-Theorie: AfD-Fraktionschefin Alice Weidel hat ihre Zweifel am menschengemachten Klimawandel bekrÃ¤ftigt. 'Ich streite nicht ab, dass sich die Erde erwÃ¤rmt, aber ich glaube nicht, dass der menschlicheâ€¦ https://t.co/S3MtyBLBXt",NOT,NONE,2
1085,1080,1080,hasoc_de_1081,"Bei Ausschreitungen der Klima-Spinner in #Wien geht die #Polizei robust gegen 'deutschen Berufsdemonstranten' vor: Kopf unter den Polizeiwagen und kurz anfahren, erschrecken den #Greta-JÃ¼nger heftig!  https://t.co/8PBIw77n4P https://t.co/jb0h3Og93i",HOF,OFFN,1
405,2423,2423,hasoc_de_2424,"Das ZerreiÃŸen des Korans in Bremen war dem @ZDF einen 6-Minuten-Beitrag im Heute-Journal wert. Die 9-JÃ¤hrige, die in #Dessau von einem 'FlÃ¼chtling' aus dem Niger vergewaltigt wurde, kam nirgendwo vor.",HOF,HATE,0
510,1583,1583,hasoc_de_1584,"@TBreitschneider @pepper46477330 @Ungebeten1 @KHinnek Ich war kein Einwohner, nur Besucher in den 70-80zigern. Der Unterschied war ziemlich krass. Mein Vater ist vorn Mauerbau geflÃ¼chtet und meine Mutter hatte immer Angst, sie lassen uns nicht mehr raus. Und jetzt sitze ich in NRW &amp; DDR 2.0 wird gerade installiert. Ich kÃ¶nnte heulen",NOT,NONE,2
410,387,387,hasoc_de_388,Wie kann man so verroht sein? Notre Dame: Jubel bei fanatischen Muslimen und der â€Antifaâ€œ Ã¼ber die ZerstÃ¶rung der Kathedrale https://t.co/JijD4YHiUk via @DrDavidBerger #NotreDameFire #NotreDame #NotreDameCathedral #Antifa,HOF,HATE,0
2811,2746,2746,hasoc_de_2747,Niemals wurde das verlogene Spiel von Politik und #LÃ¼genpresse so offensichtlich wie in den letzten Tagen    #afd https://t.co/xGLb1v2Rdp,HOF,HATE,0
793,3089,3089,hasoc_de_3090,"@Junge_Freiheit Das, was in der Freiluftklapse Schland praktiziert wird, kann nicht mehr verharmlosend als 'Einwanderung' bezeichnet werden. Umsiedlung paÃŸt angesicht der BegleitumstÃ¤nde und Vorgehensweisen eher.",HOF,OFFN,1
962,195,195,hasoc_de_196,"@AlexE1789 @Proteus93484191 D Ramadan ist eine Monat durchhÃ¤ngen ohne jegliche produktivitÃ¤t, dann drei Tage dauer Fest als Belohnung obendrauf! Aber woher sollte klein Heiko das wissen, i seinem Wolkenkukuksheim?",HOF,OFFN,1
1245,1615,1615,hasoc_de_1616,"Hallo Karl, nichts lÃ¤ge mir ferner, als Mitleid o. Schadenfreude fÃ¼r eure TrÃ¼mmertruppe zu zeigen.  Falls du glaubst, dass jemand noch die Sozen braucht, dann hÃ¤ltst du wahrscheinlich auch FuÃŸpilz fÃ¼r etwas Essbares aus dem Wald.  GrÃ¼ÃŸ mir Andrea und ein herzliches #bÃ¤tschi! https://t.co/I1l6Vfi2gc",HOF,OFFN,1
1784,2637,2637,hasoc_de_2638,Bayern MÃ¼nchen wird in dieser Saison die deutsche Meisterschaft und den Pokal gewinnen. In MÃ¼nchen nennen sie sowas eine â€ScheiÃŸsaisonâ€œ und wollen dafÃ¼r den Trainer rausekeln.    https://t.co/RfdwetrUV6,NOT,NONE,2
2865,1719,1719,hasoc_de_1720,"Hahaha...es wird immer besser in der Freiluftklapse. Der Hamburger LÃ¼gen-Speichel puscht den narzisstischen SchÃ¼lersprecher und Ex-Callcenter-Agenten noch zum Kanzler hoch. Dann hat Deutschland das, was es verdient: 'ne Luftpumpe, die sagt, wo' s langgeht.ğŸ‘ğŸ‘ https://t.co/Jo9V3rsBEe",HOF,OFFN,1
1079,1867,1867,hasoc_de_1868,Sehr genau lesen..wie wir von den FFF..GrÃ¼nen und belogen werden...erst die VM Autos abschaffen...dann die E Autos...funktioniert nicht..die auch weg...ArbeitsplÃ¤tze...Sicherheit...Land weg....!!!!!â˜ï¸    https://t.co/9ukwT9EYde,NOT,NONE,2
833,1626,1626,hasoc_de_1627,"Diejenigen, welche einen solchen Scheiss rauslassen kÃ¶nnte man noch verkraften. Aber dass man damit Millionen blinde Waehler findet ist das Schlimme und sollte zu denken geben. https://t.co/Jgo90aHbgN",NOT,NONE,2
2803,2410,2410,hasoc_de_2411,"Auch halb totgelacht. Das Mai-Lab ğŸ˜‰ erzÃ¤hlt was von schwingen MolekÃ¼len und sagt, hÃ¤tte Ahnung von Chemie. Und erzÃ¤hlt nicht, dass #4G bzw. #5G #Microwellenstrahlung das #Klima mehr #erwÃ¤rmen als #CO2 (Energieumwandlungsgesetz).     https://t.co/qo0hWMcomZ",NOT,NONE,2
874,2865,2865,hasoc_de_2866,"Ein friedliches Miteinander wird nur solange praktiziert, wie #Muslime in der Minderheit sind! Die MehrheitsverhÃ¤ltnisse Ã¤ndern sich aber tÃ¤glich! #Christen werden weltweit verfolgt! Der politische #Islam widerspricht allen christlichen Werten und gehÃ¶rt nicht zu #Deutschland! https://t.co/M7MKwJOW6D",HOF,HATE,0
646,3101,3101,hasoc_de_3102,@Birdie51411736 @MAXXBIKEde @LifeOfSchmirko @dieneranton @Hartes_Geld @HaraldBecker80 @ichbinkoelnerin @willnurschreibn @66Norweger66 @burger_ein @RolandTichy @Lebensformation @GudrunBecker11 @puffyka81 @NoctiDenktNach @Pegasia111 https://t.co/pcVlnmEE8Z,NOT,NONE,2
1365,2702,2702,hasoc_de_2703,"#Oberhaching: 'Money, money!' Arabisch wirkende Kriminelle rauben in einem #EDEKA unter Vorhalt eines #Messer /s mehrere 10.000 â‚¬ und lassen die Mitarbeiterinnen gefesselt zurÃ¼ck - die geschockten Frauen werden durch das Kriseninterventionsteam betreut  https://t.co/ED4ijUTc0y",HOF,HATE,0
2012,142,142,hasoc_de_143,"Im franzÃ¶sischen #TrÃ©lazÃ© bei Angers terrorisieren frustrierte, afrikanische und arabischen #Migranten-Gangs ihre MitbÃ¼rger. ğŸ˜¨ #Europawahl2019 #Macron https://t.co/Ntcj6VRoR0",NOT,NONE,2
2447,3661,3661,hasoc_de_3662,"@realJohr @StBrandner In seinem Kopf da wohnt ein Geist, der stÃ¤ndig ihm aufs Kleinhirn scheiÃŸt!",HOF,OFFN,1
3214,515,515,hasoc_de_516,Die #BundesprÃ¤sidenten-Stichwahl wird in ganz #Ã–sterreich zu gÃ¤nze wiederholt!! #FPÃ– bekommt Recht. https://t.co/O05jVAlsPR,NOT,NONE,2
1793,968,968,hasoc_de_969,"Dieses MÃ¤dchen aus Schweden, hat die Willkommenskultur nicht kapiert, und wehrt sich! https://t.co/IhvFGL0pZr",NOT,NONE,2
150,291,291,hasoc_de_292,@SteinbachErika 'Herr' Stegner bezeichnet die AfD als 'Bande' und unterscheidet auch bei Attentaten im Sinne rotgrÃ¼nversiftem Mainstream. https://t.co/O3ZSWEdA2t,HOF,HATE,0
117,3629,3629,hasoc_de_3630,"@realJohr @georgloesel Wer einen Dr. Titel der Kirchenlehre hat, hat von Glauben vielleicht AHNUNG, aber Wissen von Wirtschaft kaum.",HOF,OFFN,1
1612,788,788,hasoc_de_789,"Der grÃ¶ÃŸte Feind unserer Zivilisation ist der politische #Islam! Wollen wir das erst begreifen, wenn es zu spÃ¤t ist? Aufwachen! #AfDwÃ¤hlen  https://t.co/d1tXNYPVnp  https://t.co/MCpS9qa1lS",HOF,OFFN,1
2959,1633,1633,hasoc_de_1634,"Die wichtigste Frage dÃ¼rfte sein: Hat sich der Sultan aus Ankara auch angesagt und vor allem, spielen die TÃ¼rkenmuschis Ã¼berhaupt in kurzen Hosen?  Nicht, dass sie mit Schnupfen wieder abreisen! â˜ğŸ»  Ach so, dass ich fÃ¼r die Wikinger bin, ist klar?! #TurksAreComingForIceland",HOF,HATE,0
2854,603,603,hasoc_de_604,"Heute fand die konstituierende Sitzung der neuen Fraktion â€Identity and Democracyâ€œ statt, der wir kÃ¼nftig angehÃ¶ren werden. @Joerg_Meuthen wurde zum VizeprÃ¤sidenten der Fraktion gewÃ¤hlt. #AfD #IdentityandDemocracy @EUCommonSense https://t.co/0utp7uCt1V",NOT,NONE,2
139,1898,1898,hasoc_de_1899,"Hallo @erasmusstiftung!   Frau Steinbach wirkt wirr! Die TÃ¤ter zu dieser in dem Tweet beschriebenen Tat waren 4 Deutsche. Sie sollten erwÃ¤gen, sie zum Arzt zu schicken. Nicht, dass sie noch die illegale Spendenkasse der Stiftung mit ihrer eigenen Haushaltskasse verwechselt?     #Afd https://t.co/05vxOw4p04",HOF,OFFN,1
1600,1179,1179,hasoc_de_1180,RÃ¤uber Ali und seine Kumpels hetzen 16-JÃ¤hrigen durch die Innenstadt von #Bonn.  https://t.co/ARnxNCaccj #Hetzjagd,HOF,OFFN,1
2843,1753,1753,hasoc_de_1754,Hier noch was zum Tag versauen!ğŸ¤¢ğŸ¤¢  WÃ¼nsche euch einen schÃ¶nen Wochenteiler  nun geht es berg ab!!ğŸ‘ğŸ‘ https://t.co/G5lww9wu6i,HOF,PRFN,1
322,912,912,hasoc_de_913,"@michel_brandt_ Ist das alles, was Sie an konstruktiven BeitrÃ¤gen im Bundestag zu bieten haben? Mann oh Mann. Das ist so platt, das kann jedes 5-jÃ¤hrige Kind. Sorry, aber da geht mir einfach der Hut hoch. Im Bundestag und nicht auf dem Spielplatz!",HOF,OFFN,1
1254,1745,1745,hasoc_de_1746,"Ich gebe es mal so weiter, ob man es glauben kann oder nicht, ich weiÃŸ es nicht. Macht euch eure eigenen Gedanken.ğŸ¤”ğŸ¤”  Aber meine Meinung dazu--mit oder ohne Haare sie ist und bleibt MÃ¼ll den keiner haben willğŸ‘ğŸ‘ğŸ‘  na ja solange schÃ¶n rassiert das okğŸ¤£ğŸ¤£ğŸ‘Œ https://t.co/l8nsgZMrZ3",NOT,NONE,2
1564,2611,2611,hasoc_de_2612,ğŸ˜­ğŸ˜­ğŸ˜­ğŸ˜­ #FCBSGE https://t.co/fBiAb7AXKo,NOT,NONE,2
3371,2065,2065,hasoc_de_2066,"Inklusion ist ja toll, aber warum bekommt eine psychisch GestÃ¶rte die #GoldeneKamera?   Von was wird dieser @zdf Bessermensch-Mist eigentlich bezahlt? Etwa auch von unseren GEZ-GebÃ¼hren?",HOF,OFFN,1
1221,2711,2711,hasoc_de_2712,"HÃ¤tte er mal nur #AllahuAkbar gerufen, dann wÃ¤r's vielleicht weniger geworden? https://t.co/FGJ7UdfVO7",HOF,HATE,0
1472,57,57,hasoc_de_58,"Ein Kleinkind Ã¼ber die BalkonbrÃ¼stung halten und damit drohen es in die Tiefe fallen zu lassen, bleibt straflos, wenn man dessen Vater und  'FlÃ¼chtling' ist, der  gerade von der Polizei nach #Albanien abgeschoben werden soll. Freispruch! #Krefeld https://t.co/AOLBaLY9v8",NOT,NONE,2
1903,607,607,hasoc_de_608,"SchÃ¤big ist nicht nur der ungerechtfertigte Vorwurf, vollkommen asozial die Weigerung sich zu entschuldigen! https://t.co/QEiNTWSRmg",NOT,NONE,2
2112,1710,1710,hasoc_de_1711,Neues aus der Kategorie... echt KRANKER ScheiÃŸ im 'Wessi'-LandğŸ¤”ğŸ˜¡     Die U17-Mannschaft des TuS Binzen feiert ihren Aufstieg in die Landesliga ohne Steak und Wurst. Aus #KlimaschutzgrÃ¼nden gibt es CrÃªpes. Das Team will damit ein Zeichen setzen.   https://t.co/AmGgkvW5MS.. https://t.co/fOW89odBp8,HOF,PRFN,1
1921,1840,1840,hasoc_de_1841,GrÃ¼ÃŸe an die GrÃ¼nen ğŸ‘ğŸ‘  nur Scheisse im HirnğŸ’©ğŸ’©ğŸ’©ğŸ’© https://t.co/9wN58Y2IEx,HOF,OFFN,1
1855,2630,2630,hasoc_de_2631,"Wie immer steht @SPIEGELONLINE  treu zu seinen Freunden beim Rassistenverein BDS, es ist fast schon rÃ¼hrend.    https://t.co/lTf5Cg8ZZN",HOF,HATE,0
1504,2634,2634,hasoc_de_2635,"Rollenspielfreaks haben lÃ¤ngst D&amp;D aufgegeben und spielen nÃ¤chtelang den Wahlomat durch, mal als bÃ¶swilliger Neoliberaler, mal als geifernder Stalinist, mal als panischer Ã–kojesus. ğŸ§™â€â™‚ï¸",HOF,HATE,0
587,1185,1185,hasoc_de_1186,"Der neue Werbespot von #Edeka zeigt zu viele weiÃŸe Menschen!  Man sollte noch eine Sequenz mit einem Moslem einarbeiten, der seine Tochter auspeitscht oder zwangsverheiratet.  #Diversity!  #Muttertag https://t.co/LrWZHQhzOX",HOF,OFFN,1
949,1632,1632,hasoc_de_1633,"Unter dem Hashtag #TurksAreComingForIceland kann man sehen, warum viele Menschen TÃ¼rken nicht leiden kÃ¶nnen. Eine Volksgruppe, die sich Ã¼berall auf der Welt wie eine offene Hose auffÃ¼hrt.",HOF,HATE,0
445,1873,1873,hasoc_de_1874,So blÃ¶d sind de halt...die dumpfbacken...Macht Anzeige...richtig so...    https://t.co/e08UldS58A,HOF,OFFN,1
1299,509,509,hasoc_de_510,"WÃ¼rde das die #AfD machen, wÃ¤re die 'Kacke am dampfen' https://t.co/wd1LhcH4rm",HOF,PRFN,1
2818,525,525,hasoc_de_526,Und die #TÃ¼rkei soll in die #EU aufgenommen werden?  Den wÃ¼rde ich mal ganz gepflegt vorn Koffer scheiÃŸen! https://t.co/5kud0aopzR,HOF,PRFN,1
1860,2005,2005,hasoc_de_2006,"Ich bin gegen Halal-Produkte und glaube, dass Halal in ganz Europa verboten werden sollte, da die Tierrechte hÃ¶her als dieser Wilde stehen. https://t.co/rZt24EeGEK",HOF,HATE,0
905,422,422,hasoc_de_423,"Von den 1,7 Mio â€FlÃ¼chtlingenâ€œ, die in ğŸ‡©ğŸ‡ª registriert sind, gehen mehr als 1,3 Mio ÃœERHAUPT KEINER sozialversicherungspflichtigen BeschÃ¤ftigung nach, obwohl d allermeisten doch im besten Alter jg Erwachsener sind u vor Arbeitswillen nur so strotzen mÃ¼ssten https://t.co/ChCmGhy4AV",HOF,HATE,0
3140,396,396,hasoc_de_397,"Wenigstens einer aus der CDU, der es mit der Wahrheit genau nimmt und sich nicht von so einer Stasitrine hinter die Fichte fÃ¼hren lÃ¤sst.     MaaÃŸen rechnet mit FlÃ¼chtlingspolitik von Merkel ab https://t.co/ZDdJY9fX13",HOF,OFFN,1
163,438,438,hasoc_de_439,"Medien und LinksgrÃ¼ne jammern, dass nun auch ihnen konforme Accounts und Meinungen von Twitter gesperrt bzw. verwarnt werden. TrÃ¶stet euch, genauso wird euch eure 'alle rein' MentalitÃ¤t um die Ohren fliegen und ihr werdet auch bereichert werden.  #NetzDG  #Twittersperrt",HOF,HATE,0
174,1164,1164,hasoc_de_1165,Geschafft!  Neue #Migranten (Ã¼berwiegend Frauen und Kinder) aus Afrika treffen in #Griechenland ein. Ihre Freude Ã¼ber den europÃ¤ischen Sozialstaat ist grenzenlos.  Wem geht bei solchen Bildern nicht das Herz auf?  Bossa! https://t.co/Akzi7CigGh,NOT,NONE,2
1948,1756,1756,hasoc_de_1757,Arbeiten kÃ¶nnen ja die doofen DeutschenğŸ˜¡ğŸ˜¡  wir kommen auch ohne Arbeit an ihr GeldğŸ¤¢ğŸ¤¢ https://t.co/d7LnpURWd9,HOF,PRFN,1
2220,3587,3587,hasoc_de_3588,@FinjaFinte @Ofenschlampe Ja..die wollen doch rotrotgrÃ¼n...so isses halt dann....alles geht nicht...auch nicht im grÃ¼nrotromantischen kosmos,HOF,PRFN,1
490,1572,1572,hasoc_de_1573,@Ungebeten1 @StoergroesseM @0Siegfried @Twitter Anani ist irgendwas mit mutter und sikerim irgendwas mit ficken. Aber so gut ist mein tÃ¼rkisch auch wieder nicht. ğŸ¤·â€â™‚ï¸,HOF,PRFN,1
1283,3064,3064,hasoc_de_3065,@Hartes_Geld ..  ..die #Schweine..,NOT,NONE,2
3381,992,992,hasoc_de_993,"Ich habe in einem Haus von JÃ¼dischen EigentÃ¼mern gewohnt!  Diese vermieteten Ihre Wohnungen zum Teufel hinaus,auch an einen Moslemischen Jugendclub!  Ich bin sofort ausgezogen!  Der Sohn d E.hat sich vor der TÃ¼r m diesen Jugendlichen, seines Judentums,gebrÃ¼stet! https://t.co/KrxPYQL4ug",HOF,HATE,0
2654,3708,3708,hasoc_de_3709,@Ungebeten1 @Invictu53409591 Guck dir mal die GayPride-Paraden an. Dort nehmen die alle mÃ¶glichen Drogen und laufen fast nackt rum und benehmen sich wie Irre. Irgendwie ist es schwierig einen normalen Homosexuellen zu finden. Die sind alle geistesgestÃ¶rt. Darum will man mir denen nichts zu tun haben.,HOF,HATE,0
2497,3281,3281,hasoc_de_3282,"Der ğŸ‡¨ğŸ‡­Chemie- und Pharmakonzern aus #Basel gliedert den Bereich Specialty Ingredients aus, der Nahrungs- und FuttermittelzusÃ¤tze herstellt  damit verbunden ist ein Stellenabbau von 130 Mitarbeitern  #futschi  https://t.co/ZqtF4DdNwW",NOT,NONE,2
2284,271,271,hasoc_de_272,"@DerBrainfucker @Martin_Sellner Westernhagen empfiehlt Kokainkonsum, um nicht AfD zu wÃ¤hlen, Beck empfiehlt Crystal, ich empfehle, Menschen mit drogenbedingten HirnschÃ¤den unter Betreuung zu stellen, um die Ã–ffentlichkeit vor deren totalitÃ¤ren Ideen zu bewahren.",HOF,OFFN,1
2327,136,136,hasoc_de_137,"Nun werden Zweifel geÃ¤uÃŸert, ob die nach auÃŸen semi-anarchische Bewegung #FridaysForFuture nicht doch gesteuert ist.  https://t.co/y7IVokhCx9",NOT,NONE,2
2237,1776,1776,hasoc_de_1777,Ich arme Sau ğŸ˜¢ğŸ˜¢ğŸ˜‚ğŸ˜‚ https://t.co/m6aZv77DLU,HOF,PRFN,1
2096,3703,3703,hasoc_de_3704,"@Ungebeten1 @Invictu53409591 Ich finde es widerlich . Sitze beim Arzt im Wartezimmer, und Schwule  stecken  sich die  Zunge in den Hals, und fummeln  sich gegenseitig an den KlÃ¶ten .  ...mir kommt in der Merkel Diktatur  nur noch das  kotzen ...!!",HOF,HATE,0
1817,1706,1706,hasoc_de_1707,"Tank-Irrsinn: Preise steigen, obwohl RohÃ¶l billiger wirdğŸ˜¡    na ja das ja klar Geld wird knapp fÃ¼r unsere NeubÃ¼rger da mÃ¼ssen wir eben bissel mehr fahren  umd das so nebenbei mit zu finanzierenğŸ¤¢ https://t.co/Mx4YNwWKvg",HOF,PRFN,1
1698,2316,2316,hasoc_de_2317,"MMNews: Lafontaine fÃ¼r SED: Der ehemalige Vorsitzende der SPD und spÃ¤tere MitbegrÃ¼nder der Linkspartei, Oskar Lafontaine, hÃ¤lt laut eines Medienberichtes eine Fusion beider Parteien fÃ¼r notwendig und vertritt diese Position in internen GesprÃ¤chen bereitsâ€¦ https://t.co/pBb4pAIguJ",NOT,NONE,2
1121,472,472,hasoc_de_473,Hier ein Lagebericht aus #Diavata bei #Thessaloniki.  Googeln Sie mal ZDF oder ARD und DIAVATA oder THESSALONIKI.  Mit etwas GlÃ¼ck finden Sie eine dÃ¼rftige Meldung vom 6. April.  #ARD @tagesschau  #ZDF @ZDFheute  ğŸ™ˆğŸ™‰ğŸ™Š https://t.co/u1Zqaa337C,NOT,NONE,2
2616,2243,2243,hasoc_de_2244,#AfD verurteilt #Antifa-Pranger an der UniversitÃ¤t Frankfurt!  Verkehrte Welt! Die #Gewaltbereiten warnen vor den #Andersdenkende! https://t.co/nqptnEN5lv via @junge_freiheit,NOT,NONE,2
1989,1713,1713,hasoc_de_1714,DEUTSCHLAND BRAUCHT ZUWANDERUNGğŸ˜‚ğŸ˜‚ğŸ˜‚ğŸ˜‚  was ja bis jetzt gekommen ist sind ja nur Freunde und Bekannte die wollen ja alle auch nur Studieren--also nix HÃ¤nde schmutzig machenğŸ’©  dann her mit der nÃ¤chsten Welle aus der WÃ¼ste die gut Teppiche ficken ehmm sorry flicken kÃ¶nnenğŸ‘ŒğŸ‘Œ https://t.co/d4WoZI3TEo,HOF,OFFN,1
3004,2745,2745,hasoc_de_2746,Wir hatten schon mal so ein #nohatespeech Netzwerk in Deutschland. HieÃŸ damals noch #Stasi. https://t.co/vEZJQUMNRY,HOF,HATE,0
431,192,192,hasoc_de_193,"#Konstanz hat den #Klimanotstand ausgerufen. Wird denn auch gegen nervige luftverpestende Sisha-Bars und bunte Autoposer vorgegangen oder sollen nur die, die alles zahlen reglementiert werden? https://t.co/NAnl8dMbum",NOT,NONE,2
2124,2292,2292,hasoc_de_2293,"Brutale Ehrlichkeit in Wien: Mordserie an Frauen als Folge der Migrationskrise festgestellt. Extreme Frauenfeindlichkeit, Antisemitismus und radikaler Islamismus wurden mit 'FlÃ¼chtlingen' importiert.  https://t.co/9DZ8apeAAS",HOF,HATE,0
3373,3327,3327,hasoc_de_3328,"Wenn Negerkinder Kobalt schÃ¼rfen  Und #GrÃ¼ne grinsend GrÃ¼ntee schlÃ¼rfen  Wenn E-Busse beim Laden stehn  FahrgÃ¤ste in die RÃ¶hre sehn  Dann wissen alle, die nicht dumm  Wir sind im #Reichhauptstadtslum.  https://t.co/FaAe5teAcE",HOF,HATE,0
1376,2714,2714,hasoc_de_2715,"Da wÃ¼rde ich gar nicht lange fackeln. Ab nach Hause in die Heimat und da kÃ¶nnt ihr euren Glauben ausleben, so... https://t.co/I7EH2M88PZ",HOF,HATE,0
2298,2750,2750,hasoc_de_2751,"'FlÃ¼chtling' fÃ¤llt in Parkhaus Ã¼ber Frau her,beiÃŸt und verletzt sie u Polizist. BewÃ¤hrung.Pervertiertes Justizsystem https://t.co/TyCwdmfnSP",HOF,HATE,0
722,2284,2284,hasoc_de_2285,"#AfD-MdB Ulrich #Oehme:  Â»Erschreckend, dass Scharia-Recht weitaus mehr in nicht-islamischen LÃ¤ndern des #EuroparatÂes wie ğŸ‡¬ğŸ‡§, ğŸ‡¬ğŸ‡· und neuerdings auch in ğŸ‡©ğŸ‡ª â€“ wie zum Beispiel die #Kinderehe â€“ als Paralleljustiz praktiziert beziehungsweise geduldet wird.Â«  https://t.co/aP94ZEGdeB",HOF,HATE,0
1794,1665,1665,hasoc_de_1666,Gemeinsam kann man doch was erreichen. Da jammern sie jahrelang Ã¼ber deutsche die Geld bringen und dafÃ¼r feiern wollen.  Wollen sie weg haben. Jetzt ist das Geschrei groÃŸ.ğŸ‘ğŸ‘ğŸ‘ğŸ‘ https://t.co/g9oG4SF72B,NOT,NONE,2
2927,2201,2201,hasoc_de_2202,"Habe die GeldbÃ¶rse von einem Syrer gefunden. Hab sie behalten, ist ja schlieÃŸlich mein Geld. https://t.co/2dxoRXcTQu",HOF,HATE,0
522,1056,1056,hasoc_de_1057,ğŸ˜¡ğŸ¤®ğŸ˜¡ğŸ¤®ğŸ˜¡ğŸ¤®ğŸ˜¡ğŸ¤®ğŸ˜¡  POL-HH: 190611-2. Zeugenaufruf nach gefÃ¤hrlicher KÃ¶rperverletzung in Hamburg-St. Georg https://t.co/NvpDjGINsC #ots,HOF,PRFN,1
2361,3799,3799,hasoc_de_3800,"@BlondJedi @annewill #GoldstÃ¼ckAlarm, also muslimischer Alltag in #London...",NOT,NONE,2
1483,2194,2194,hasoc_de_2195,"Merkel dealt doch mit ihm, sage mir mit wem du 'gehst' und ich sage dir wer du bist; Verbrecher unter sich.     https://t.co/rQP68KhcAX",HOF,HATE,0
934,2313,2313,hasoc_de_2314,ef:'Ã–ko-Totalitarismus: Auf dem Weg zum grÃ¼nen ErmÃ¤chtigungsgesetz?: Ã–ko-Totalitarismus: Auf dem Weg zum grÃ¼nen ErmÃ¤chtigungsgesetz? https://t.co/VitVfAiUtk ',HOF,HATE,0
228,2020,2020,hasoc_de_2021,"Bei den Frauen Ã¼bersteigen die PrÃ¤mien die Einnahmen, bei den MÃ¤nnern sind sie 1/7 der Einnahmen. WÃ¼rde man die gleichen PrÃ¤mien zahlen wÃ¼rden die PrÃ¤mien das 100 fache der Einnahmen sein  #Frauenfussball #FrauenfussballWM https://t.co/iuwT34ARR6",NOT,NONE,2
498,295,295,hasoc_de_296,Sehen Sie hier meine heutige Rede im #Bundestag in der vereinbarten Debatte zu 70 Jahren #Grundgesetz:  #70JahreGG #AfD #Volksentscheid #Volksentscheide  â„¹ï¸ https://t.co/E8ntodWhag  ğŸ¬ https://t.co/BwR68g9MfQ https://t.co/8efjIOagXl,NOT,NONE,2
1525,2408,2408,hasoc_de_2409,"Liebe Linksfaschos:  Ich werde euch weder auf meine von euch gescreenshotteten Tweets mit eurem Unsinn drunter, auf 2. Accounts oder Beleidigungen per DM antworten. Was nicht heiÃŸt, dass ihr Recht habt, sondern dass ich euch keine Reichweite durch ErwÃ¤hnung schenken will.",HOF,HATE,0
3171,3146,3146,hasoc_de_3147,"@Hartes_Geld Eh alles Wurscht.Das Projekt evolutionÃ¤rer Entwicklung scheint in D ja ohnehin gescheitert zu sein,wie man sieht.ğŸ˜‚",HOF,OFFN,1
840,1999,1999,hasoc_de_2000,leben tausend Jahre zurÃ¼ck kennen es nicht anders . Die wÃ¼rden sich nie Integrieren  Unter mir wohnt so eine wenn die Kocht kommt das alles durch meine LÃ¼ftung das stingt widerlich ..Frag mich manchmal was die wohl im Kochtopf hat ..FlÃ¼chtling kein Wort deutsch fragen geht nicht https://t.co/MCrCEQr6HK,HOF,HATE,0
2429,1301,1301,hasoc_de_1302,"â€Der AfD-Bundestagsabgeordnete Robby Schlund arbeite in seinem Wahlkreis in OstthÃ¼ringen mit dem Holocaustleugner und ReichsbÃ¼rger Christian BÃ¤rthel zusammen, der schon ErwÃ¤hnung im ThÃ¼ringer Verfassungsschutzbericht fand.â€œ https://t.co/iuLCkxC3aU",NOT,NONE,2
873,2749,2749,hasoc_de_2750,@gutmenschkind @spdde Diese verkommene Haltung scheint aber normal in der #SPD s PÃ¶belralle @Ralf_Stegner + er hier https://t.co/evG1lPq6Vc,HOF,HATE,0
9,2712,2712,hasoc_de_2713,"Diesen #Frauen muss geholfen werden, nicht den Testosteron gesteuerten #Taharrush LÃ¼mmeln... https://t.co/nFh0ah08Kh",HOF,HATE,0
2364,2422,2422,hasoc_de_2423,"Imad #Karim heute abend vor der @AfDimBundestag: â€Zwischen dem #Islam und der Mafia gibt es vor allem drei Gemeinsamkeiten: Man wird hineingeboren, man kann auch beitreten, aber keiner kann austreten.â€œ Austritt bedeutet das Todesurteil. #Apostasie https://t.co/UzDrbvBcHZ",HOF,HATE,0
2503,2728,2728,hasoc_de_2729,Alle feiern und die Linken legen BrÃ¤nde. Die linke Szene bekommt mit ihren Taten keine Anerkennung der BevÃ¶lkerung!  https://t.co/d5eDZpFKX2,HOF,HATE,0
548,3655,3655,hasoc_de_3656,"@realJohr Ich glaube es ist mal wieder Ã¼berfÃ¤llig davor zu warnen, es sich zur Lebensaufgabe zu machen, solche Idioten zu hypen. Ihr besorgt genau wie Talkshows und Politmagazine deren Werbung! Genau das wollen sie, was Ihr liefert. Maximale EmpÃ¶rung. Nennt sich AufmerksamkeitsÃ¶konomie.",HOF,PRFN,1
1326,1600,1600,hasoc_de_1601,"@Technik_u_Welt Wenn sexuell unterversorgte alte Schachtel mit Aufmerksamkeitsdefizit Sie jetzt treffend beschreibt, dann lassen Sie es mich wissen.  Oder auch nicht.",HOF,OFFN,1
2884,2231,2231,hasoc_de_2232,"Die Stasitrine ist ja voll wie eine kleine Kirche, die lallt ja fast; hat wohl von Junckers Ischias-Medizin Ã¼berdosiert.    Angela Merkel zu den Ergebnissen des EU-Gipfels am 11.04.19 https://t.co/bfRyAlDGED via @YouTube",HOF,HATE,0
2851,1428,1428,hasoc_de_1429,"@FailDef @convalaria1 @Wirklichkeit123 @Tschonka Ja, die Ã¼ber 50 islamischen LÃ¤nder sind Musterbeispiele fÃ¼r Humanismus, Toleranz und Menschenrechte. Ich wÃ¼rde ja mal Ã¼ber andere Tabletten nachdenken. Viel Erfolg dabei!",HOF,OFFN,1
137,1105,1105,hasoc_de_1106,GlÃ¼cklicher Libanese krÃ¼mmt sich vor Lachen Ã¼be die (im wahrsten Sinne des Wortes grenzenlose) Dummheit der deutschen: Steuersklaven:  'Wir alle leben von Job-Center!' https://t.co/LJkblgzm0Z,HOF,OFFN,1
1189,1714,1714,hasoc_de_1715,sehr richtig und gut  gesagt!!ğŸ‘ğŸ‘ğŸ‘  #und viele doofmichels begreifen das nicht mal!!ğŸ’©ğŸ’© https://t.co/dozlF9cZe6,HOF,OFFN,1
2943,82,82,hasoc_de_83,"Alfred Nobel wÃ¼rde sich im Grab rumdrehen.  Ein Obama (fÃ¼hrte die meisten Kriege im Amt eines US-PrÃ¤sident), wurde der Friedensnobelpreis verliehen.  Nun ein psychisch krankes Kind, steht nun ganz weit oben auf der Liste fÃ¼r die Verleihung des 'Friedensnobelpreis'.  Sind die krank?",HOF,OFFN,1
268,2347,2347,hasoc_de_2348,"Zwangsheirat und Vergewaltigung - diese Unkultur fÃ¶rdern Linksverblendete und Multi-Kulti-Klatscher in Deutschland, inszenieren andererseits aber die Ã¼bertriebene #metoo-Kampagne. Was fÃ¼r linke Heuchelei! #AfD #Poggenburg    https://t.co/HxLyWTPCRR",HOF,HATE,0
2146,1245,1245,hasoc_de_1246,"......tja, es war notwendig #MaaÃŸen aus von dem Verfassungsschutz abzuziehen! Dringend notwendig!     Und dass die #Afd jetzt so ein Bohei um ihren 'Berater' macht, wundert niemanden...!     https://t.co/6IWLnZ7URy",NOT,NONE,2
2944,3404,3404,hasoc_de_3405,Einem in #Essen festgenommenen FlÃ¼chtling aus #Nigeria konnten 24 IdentitÃ¤ten nachgewiesen werden. 24 IdentitÃ¤ten bedeuten Ã¼brigens auch 24Ã— Sozialgeld pro Monat. https://t.co/kUyK8BoaT3,NOT,NONE,2
1979,2003,2003,hasoc_de_2004,Hier ist die Ursache von den Selbstmordattentaten kurz erklÃ¤rt.     72 Jungfrauen im Paradies sind von Allah verheiÃŸen. https://t.co/4wnYYXqjS3,HOF,HATE,0
2760,2709,2709,hasoc_de_2710,"Contra-Mag.:Seyran Ates: â€Der politische Islam Ã¼bernimmt Deutschlandâ€œ: Deutschland braucht eine radikale Kurswende in seiner Politik gegenÃ¼ber dem Islam. Das sagt Seyran AteÅŸ, prominente Frauenrechtlerin und AnwÃ¤ltin. Sonst drohe das Land vom politischenâ€¦ https://t.co/GygOQKj5CW",HOF,HATE,0
1490,647,647,hasoc_de_648,Ich wÃ¼nsche den Parteifreunden in Bremen viel Erfolg.    https://t.co/WqKqzKFPUw    #AfD #HÃ¼tter #Bremen,NOT,NONE,2
2636,1669,1669,hasoc_de_1670,dann Fresse ich lieber garnixğŸ‘ğŸ‘ğŸ‘  DiÃ¤t auch mal gutğŸ¤ª https://t.co/5cEfojxZys,HOF,PRFN,1
1944,287,287,hasoc_de_288,"Die Chefs reden stur aneinander vorbei https://t.co/Sg1oteGLrW    Bauern kÃ¶nnen nicht mit 'einer Zunge' reden, zumal jede fÃ¼r sich gespalten ist vor lauter 'falschem Zeugnis geben wider dem NÃ¤chsten'.Wahrheit ist bei denen so unbekannt, wie die Lokalisierung des 'Bernsteinzimmers'.",NOT,NONE,2
1260,104,104,hasoc_de_105,@SaschaUlbrich @symptompanik @Mundaufmachen @AfD Man kann wirklich nur verzweifeln. Warum haben die Politiker das zugelassen? Warum haben wir das zugelassen. Fck Islam. Ich will diesen Rotz aus meinem Land haben. ZurÃ¼ck in das Mittelalter mit euch.,HOF,HATE,0
2896,2017,2017,hasoc_de_2018,"Menschen, die #Schweinefleisch verzehren sind deutlich weniger #sprengglÃ¤ubig! #SchweinefleischBeruhigt https://t.co/BzpYudTN6Z",HOF,HATE,0
167,429,429,hasoc_de_430,"Der Artikel ist eine UnverschÃ¤mtheit.  Ich habe nach der Ermordung von LÃ¼bcke meine Abscheu gegenÃ¼ber den hÃ¤mischen und jubelnden Kommentaren auf Twitter und Facebook deutlich gemacht,obwohl ich seinerzeit die Ã„uÃŸerung des Politikers fÃ¼r indiskutabel hielt. https://t.co/7UVeK8qKM6",NOT,NONE,2
1779,2536,2536,hasoc_de_2537,Wir haben gestern Game of Thrones zuende geschaut. Jetzt kann ich endlich diese Liste wieder lÃ¶schen. So viele ArschlÃ¶cher schicken Spoiler in die Welt. Es gibt nicht genug Drachenfeuer fÃ¼r alle. https://t.co/iLT5iHet6E,HOF,PRFN,1
3162,2239,2239,hasoc_de_2240,"Was im OberstÃ¼bchen von @Karl_Lauterbach (SPD) vorgeht, lÃ¤sst sich sehr schÃ¶n an diesem Tweet (den er klammheimlich gelÃ¶scht hat) ablesen. Diese Entgleisung hat klinische Dimensionen. Ob er sich Ã¶ffentlich dafÃ¼r entschuldigt? https://t.co/cxVX48nwjR",HOF,OFFN,1
128,1452,1452,hasoc_de_1453,FÃ¼r die #AfD ein durchschnittliches Ergebnis. Immerhin verbessert gegenÃ¼ber der Landtagswahl. Es bleibt aber festzuhalten: Der Landkreis ist komplett grÃ¼n versifft. https://t.co/6jFRZXdSqs,NOT,NONE,2
2550,3177,3177,hasoc_de_3178,"@Hartes_Geld Ausweisen, Gelder sperren und lebenslanges Aufenthaltsverbot in Deutschland.  PS.Gilt Prophylaxetisch aber auch fÃ¼r linke und GrÃ¼ne WÃ¤hler, zusammen kÃ¶nnen sie sich ihr Schlaraffenland bauen.  Wenn man so etwas sieht fordere ich Waffenfreiheit fÃ¼r Deutsche",HOF,HATE,0
2177,3382,3382,hasoc_de_3383,"Der kanadische Premierminister ğŸ‡¨ğŸ‡¦ @JustinTrudeau wurde gefragt, was er und seine Familie tun werden, um die #Umwelt zu schÃ¼tzen.  Das war ...Ã¤hm... seine Antwort:   ğŸ˜‚ğŸ˜…ğŸ˜¹  #CleanerFuture #Waterbottle #boxedWater #FridaysForFuture #Plastikverbot   https://t.co/Va8RemHwi8",NOT,NONE,2
3313,1715,1715,hasoc_de_1716,FlÃ¼chtlingskosten Verteilung.    Schaut was mit deutschen Steuergelder gemacht wirdğŸ‘ŒğŸ‘Œ  na dann wird es wohl nix mit dem Wochenende-ab in die Arbeitsklamotten und auf geht es Steuren ranschaffenğŸ‘ğŸ‘ https://t.co/YE3vBsS6RC,NOT,NONE,2
3427,3667,3667,hasoc_de_3668,"@realJohr Na, jetzt greifen die Honks, unter der FÃ¼hrung ihrer braunen Hetz- und Hass- Schachtel an und kommen aus ihren rechtsversifften Ecken. Wenn dann noch die Dummheit der Flatrate-Nazis in der Dauerschleife des Hasses und der Hetze aufgeht, haben sie sich selbst als Nazis geoutet.",HOF,HATE,0
3034,1172,1172,hasoc_de_1173,@JoesiProkopetz  Ich schau gerade eine Dolezal-Doku Ã¼ber Christian Kolonovits. Du bist dort auch vertreten. Ihr wart und seid allesamt musikalische und poetische Genies! Vielen Dank fÃ¼r viel Unterhaltung und Freude.,NOT,NONE,2
2778,2275,2275,hasoc_de_2276,"https://t.co/SnuHoXmVej #Hetze der Regierung wirkt: Nachdem sich #Linksterroristen bislang auf ZerstÃ¶rung von #AfD-BÃ¼ros beschrÃ¤nkten, fÃ¼hlen sie sich jetzt dank der #Hasskampagnen aufgerufen, bis zum Ã„uÃŸersten zu gehen: mit einem #Mordanschlag auf den Bremer BTA Frank #Magnitz.",HOF,HATE,0
395,305,305,hasoc_de_306,Notre Dame brennt.  Die Welt ist erschÃ¼ttert.  Muslime feiern.    Keine Pointe.ğŸ˜”,HOF,HATE,0
1168,2715,2715,hasoc_de_2716,"Eine Richterin mit Kopftuch erweckt in mir das gleiche Vertrauen zur Rechtsprechung,wie ein Richter mit Wehrmachtshelm. #Unbefangenheit",HOF,HATE,0
2696,1673,1673,hasoc_de_1674,na geht doch Blau BergaufğŸ‘ğŸ‘ğŸ‘  Frage mich nur welche doofen grÃ¼n wÃ¤hlen??ğŸ¤”  bestimmt der Bleistift angesetzt um das zu bewerkstelligenğŸ˜¡ https://t.co/OqH7fxCopV,HOF,OFFN,1
2626,477,477,hasoc_de_478,"In Griechenland bildet sich Migrantenkarawane: Unter 'Allahu akbar'- und 'Deutschland'-Rufen fliegen Steine auf Polizisten, werden Frauen in die erste Reihe gestellt, Kinder als RammbÃ¶cke benutzt, um Polizeiketten zu sprengen. Daher meine Frage an Merkel: https://t.co/HieDLCwfyb",HOF,HATE,0
372,3008,3008,hasoc_de_3009,@Ungebeten1 Ohne Gagen machen die nix.,NOT,NONE,2
3393,1069,1069,hasoc_de_1070,"SpektakulÃ¤rer Angriff (Spucken, Fahrrad-WÃ¼rfe etc) auf Polizisten im Asylheim #Plattling: Als die Beamten flÃ¼chten wollen, verbarrikadieren die #FlÃ¼chtlinge die Ausfahrt.  https://t.co/71cFkKiIlj",NOT,NONE,2
1226,2342,2342,hasoc_de_2343,"Afrikas BevÃ¶lkerung wird sich bis 2050 verdoppeln. Reicht das, um an eine Invasion aus dem SÃ¼den zu glauben?! Was helfen kÃ¶nnte, ist endlich Geburtenkontrolle zu fÃ¶rdern! DafÃ¼r brÃ¤uchten wir Experten, die kÃ¶nnen sich dann nennen, wie sie wollen! #afd https://t.co/szilUy4dmJ",HOF,HATE,0
3137,2224,2224,hasoc_de_2225,"44% Messerangriffe, 10% BevÃ¶lkerungsanteil. Die Linken wollen es einfach nicht wahrhaben. #Michael",HOF,HATE,0
3420,1693,1693,hasoc_de_1694,der friedliche Islam ğŸ‘ŒğŸ¤”  hat ja wie jeder es kennt Respekt und Ehre vor jeder anderen Kultur ğŸ§  es geht eben schon von kleinauf los und hier bei uns soll es anders sein??ğŸ¤”ğŸ¤”  Die lachen doch die SaudoofenDeutschen nur aus  UND  die haben es nicht anders verdient die Doofmichels https://t.co/ErRoDTGVue,HOF,OFFN,1
1875,2396,2396,hasoc_de_2397,"Fasching 2070: Ein Buntling, wohnhaft in ehemals 'Deutschland', verkleidet sich als indigener Deutscher!    Werden Bessermenschen das wegen Rassismus gegenÃ¼ber einer fast ausgestorbenen Minderheit verurteilen oder es verbieten, weil es immer noch 'Nazi' ist?  #Indianer",HOF,HATE,0
1345,3456,3456,hasoc_de_3457,'Das Netz dient als Speicher' https://t.co/geI9O4cLH8,NOT,NONE,2
2469,822,822,hasoc_de_823,Soll das witzig sein? https://t.co/M7zITQRfrb,NOT,NONE,2
404,2708,2708,hasoc_de_2709,"'Migration ist unvermeidlich, notwendig und wÃ¼nschenswert', sagt die @UN. Der  #GlobalCompactMigration soll diese Idiotie in Stein meiÃŸeln. Jede Regierung, die den #Pakt unterzeichnet, erklÃ¤rt damit: â€Ja, wir sind Lakaien der Globalisten â€“ und wir hassen euch!â€ #AfD https://t.co/LKrjUDc34b",HOF,HATE,0
485,1618,1618,hasoc_de_1619,"@Ungebeten1 @MoebusAnne ....dieses verlogene, grÃ¼nversiffte Pack von LÃ¼gner, Hetzern und Volksverdummern gehÃ¶rt der ProzeÃŸ gemacht. Natur vernichten ist ihr Handeln und Tun!",HOF,HATE,0
321,1721,1721,hasoc_de_1722,"Huch, Kim Jong Merkel, der Zonenlurch. https://t.co/8dbOgiKfBU",HOF,OFFN,1
1810,3273,3273,hasoc_de_3274,Asylbewerber belÃ¤stigt Schulkind sexuell - ist wieder auf freien FuÃŸ. #rechtlos  https://t.co/EQsxcGlKoW,NOT,NONE,2
1799,1742,1742,hasoc_de_1743,Had to share this oneğŸ¤£ğŸ¤£ğŸ‘ğŸ‘    die Amis sind eben und waren es schon immer saublÃ¶dğŸ‘ğŸ‘  wenn interessiert schon solche Hohlbirnen ala KardashiansğŸ¤”ğŸ¤” https://t.co/ECgcJBC9J2,HOF,OFFN,1
3252,3147,3147,hasoc_de_3148,@Hartes_Geld Die bei den Preussen sehr effektive Bestrafung des SpieÃŸrutenlaufens wÃ¤re das adequate Mittel Merkels 'ImporttÃ¤tern' westliche Lebensart zu vermitteln.,HOF,OFFN,1
2343,2538,2538,hasoc_de_2539,"@suse1603 @EmmanuelMacron Weil wir uns Ã¼berall klar GEGEN Gewalt und fÃ¼r friedlichen Protest aussprechen? Vergessen Sie es einfach, Ihre linke Dauerhetze glaubt Ihnen niemand. Gewalt und brennende Autos sind in Deutschland eher Sache Ihresgleichen!",HOF,HATE,0
1588,3805,3805,hasoc_de_3806,@BlondJedi Ich bin Baujahr 1959 .Wir musten als Kinder das KZ Buchenwald  besuchen . Es war ganz schlimm so etwas zu sehen . Und mich heute als Nazi darzustellen nur weil ich AFD WÃ¤hler bin nein Danke,NOT,NONE,2
465,3021,3021,hasoc_de_3022,"@Hartes_Geld Wieso erinnert mich das an Biedermann und die Brandstifter? ğŸ˜ˆ  Sobald der radikal religiÃ¶se Spinner dann Menschen getÃ¶tet hat, war das natÃ¼rlich nicht absehbar und niemand Ã¼bernimmt Verantwortung dafÃ¼r... Konnte niemand ahnen...",HOF,OFFN,1
2948,1893,1893,hasoc_de_1894,FÃ¼r dieses Kind (!!!) wird #Pfingsten 2019 fÃ¼r immer in traumatischer Erinnerung bleiben.   Solche '#Asylbewerber' haben in ğŸ‡©ğŸ‡ª nichts zu suchen! Es wird endlich Zeit fÃ¼r hartes Durchgreifen. #AfD  #Arzberg  https://t.co/Iw1XMq11AN,HOF,OFFN,1
2433,520,520,hasoc_de_521,"#Berlin|er Schulen: #Senat will nur 1,5 Milliarden Euro in #Sanierung stecken  https://t.co/pcoV0NToXL",NOT,NONE,2
2603,2371,2371,hasoc_de_2372,"Unzensuriert:Nordkorea: Ermordeter Kim Jong-nam soll CIA-Informant gewesen sein: Airport Kuala Lumpur International Foto: Craig / Wikimedia (PD) Kim Jong-nam, Ã¤lterer Halbbruder des nordkoreanischen Diktators Kim Jong-un soll ein CIA-Informant gewesenâ€¦ https://t.co/bWbz8pK0Gp",NOT,NONE,2
2526,1107,1107,hasoc_de_1108,"Der Spruch, dass man 'Europa nicht den Extremisten Ã¼berlassen' darf, Ã¼berzeugt mich immer mehr.  :)  #EUWahl https://t.co/BJNzsZUiPo",NOT,NONE,2
529,1681,1681,hasoc_de_1682,"ğŸ¤®ğŸ¤®ğŸ¤®ğŸ¤®ğŸ¤®ğŸ¤®ğŸ¤®ğŸ¤®ğŸ¤®ğŸ¤®ğŸ¤®  Nichts ist zu peinlich, als dass es die deutsche Presse nicht schreiben wÃ¼rde. Sie wollen ihn wirklich an der Spitze sehen und bereiten den WÃ¤hler schon mal auf das Wahlergebnis vor. https://t.co/l7aBKU5rdI",HOF,PRFN,1
56,2585,2585,hasoc_de_2586,Ich will hier unten eine Kassette mit Kinderlachen verstecken. https://t.co/zPvc1Vqy32,NOT,NONE,2
3028,1699,1699,hasoc_de_1700,Pfingsten Ã¤ndert sich Ã¼ber die JahreğŸ‘ŒğŸ‘ğŸ‘  frÃ¼her Pfingstochse  heute SPD-SchweineğŸ˜‚ğŸ˜‚ğŸ˜‚ğŸ‘ŒğŸ‘Œ https://t.co/TKaxBNU5rQ,HOF,OFFN,1
2578,126,126,hasoc_de_127,"Obwohl der streng glÃ¤ubige Herr im #GefÃ¤hrder-System der Polizei in der hÃ¶chsten Risikoklasse gefÃ¼hrt ist, hortet er munter Waffen mit Munition und SchalldÃ¤mpfer.  Naja, dient wohl der ReligionsausÃ¼bung.  https://t.co/y6O4yObVNM",NOT,NONE,2
195,1506,1506,hasoc_de_1507,Warum fÃ¼hren unsere lieben Politiker #Geheimverhandlungen zum #Migrationspakt? Was sollte da wieder verheimlicht werden? https://t.co/uWjst17zBp,NOT,NONE,2
2449,3025,3025,hasoc_de_3026,"@Hartes_Geld Krass, die dÃ¼mmste Generation ever. FÃ¼r mehr (sinnlose) Steuern! #krankehirne",HOF,OFFN,1
827,2958,2958,hasoc_de_2959,"@Hartes_Geld @frankundfreya Die wollen doch auch nur n bisschen spielen, unsere GÃ¤ste..ğŸ˜¡Aber deren Problem is, sie wissen nicht wann es Zeit aufzuhÃ¶ren ist, auf ihr Opfer brutalst einzuschlagen. Das haben Menschen in den Westlichen Kulturen schon in die Wiege gelegt bekommen, die aber nicht !",HOF,OFFN,1
443,2381,2381,hasoc_de_2382,"MMNews: IS droht Bayern: Im Internet ist ein Drohschreiben des Islamischen Staates aufgetaucht, in dem Bayern aber auch Deutschland Vergeltung angedroht wird. Grund: UnwÃ¼rdige Asylbedingungen fÃ¼r Muslime. 'Mit Allahs Hilfe Ã¼berschÃ¼ttet der IS Bayern mitâ€¦ https://t.co/5VnsxkApGp",HOF,HATE,0
1001,1352,1352,hasoc_de_1353,"Als #Afd OberbÃ¼rgermeisterkandidat von GÃ¶rlitz wirbt Sebastian Wipfel fÃ¼r BeschrÃ¤nkungen der Kompetenzen des Verfassungsschutzes...!     @BfV_Bund @SMIsachsen     Wollen Sie noch so lange mit einem #Verbotsverfahren warten, bis Sie es gar nicht mehr kÃ¶nnen...? https://t.co/lRuNhxipTX",NOT,NONE,2
2337,3294,3294,hasoc_de_3295,Schlechte Nachrichten fÃ¼r 'FlÃ¼chtlinge': Deutschland benÃ¶tigt plÃ¶tzlich 100.000 'FachkrÃ¤fte' weniger. Die Arbeitsagntur korrigiert ihre gefakte JobbÃ¶rse. https://t.co/QvNPeH4Oyy,HOF,OFFN,1
837,790,790,hasoc_de_791,"#AfD Magniz berichtet im TV von Morddrohungen. Daraufhin brechen einige Zuschauer in Jubel (!) aus. Ja, wirklich! Ich habe keine Ahnung warum. Wollen sie es runterspielen? Oder freuen sie sich wirklich? MÃ¼sste das nicht morgen auf den Titelseiten stehen? https://t.co/tHll7veyPq",NOT,NONE,2
355,1995,1995,hasoc_de_1996,"Irland ğŸ‡®ğŸ‡ª     Dieses verstÃ¶rende Video wurde in den Dubliner Bergen wÃ¤hrend der Eid al-Adha gefilmt.    Darin sehen wir eine Gruppe Muslime, die ein Lamm auf den Boden stecken und ihm die Kehle durchschneiden.    Die Barbarei des Halal-Gemetzels kennt keine Grenzen. https://t.co/LCfA0atWpv",HOF,HATE,0
562,1915,1915,hasoc_de_1916,"'Ich habe doch nur ein MÃ¤dchen totgemacht', erklÃ¤rt Ali B.  Ansonsten mag Ali Deutschland, weil er ohne Arbeit Geld bekommt und unbeschwert saufen und Drogen dealen kann.  #Susanna https://t.co/6HVw24kbCo",HOF,OFFN,1
2962,3091,3091,hasoc_de_3092,"'Die Kairoer ErklÃ¤rung der Menschenrechte ist vÃ¶lliger Humbug.  Es gibt im #Islam keine #Menschenrechte!'  'Wenn Sie das nicht verstehen, dann haben Sie keine Ahnung, was #Menschenrechte sind'.  Dr. Michael Ley in der ExpertenanhÃ¶rung im Arbeitskreis #Menschenrechte des Bundestages. https://t.co/txdkCEadL7",HOF,HATE,0
2316,1182,1182,hasoc_de_1183,"Erinnert ihr euch an Eric X.? Er wurde der Ã–ffentlichkeit als 'Campingplatz-Vergewaltiger' bekannt.  Das Knast-Futter scheint ihm zu bekommen. Eric ist ganz schÃ¶n drall geworden, finde ich.  https://t.co/MmH7jSZSTT",NOT,NONE,2
1856,380,380,hasoc_de_381,"@MaritaNeubert Bin bei Facebook noch bis Karfreitag gesperrt, dann sind 30 Tage 'Knast' vorbei. Hoffen wir auf Sieg gegen Mainz und Bauernpunktverluste in DÃ¼sseldorf.https://t.co/3r7XifNxsa",NOT,NONE,2
883,2344,2344,hasoc_de_2345,"@VenomStrike3 @ITUADE @Dieter_Stein @AfD Abgesehen vom schleichenden Verlust der nationalen IdentitÃ¤t und Kultur haben wir mit vielen Einwanderergruppen auch kaum Probleme. Es gibt aber ein spezifisches Problem mit Einwanderung aus islamischen LÃ¤ndern, siehe Sarrazins Buch. Viele Muslime wollen sich gar nicht Ã¤ndern.",HOF,HATE,0
2255,1085,1085,hasoc_de_1086,"Das nenne ich konsequent! âš¡#SriLanka wirft 200 islamische Geistliche aus dem Land.âš¡   Warum geht das in ğŸ‡©ğŸ‡ª nicht? MÃ¼ssen wir warten, bis die Saat des Hasses von #Islamisten und #Salafisten zu neuen TerroranschlÃ¤gen fÃ¼hrt? #SriLankaTerrorAttack   https://t.co/zh1fmgJU9M",HOF,HATE,0
550,2285,2285,hasoc_de_2286,"Kann ich mir gar nicht vorstellen. Merkel hat uns doch versprochen, dass er total unverbindlich sein wird. Und dass sie lÃ¼gt, halte ich fÃ¼r vÃ¶llig ausgeschlossen https://t.co/HWvT7eR8g3 #Migrationspakt #Merkel #Migration #LÃ¼ge #Merkeldiktatur",HOF,HATE,0
2467,2001,2001,hasoc_de_2002,Shopkeeper in Turkey Finds a Husky Pup with no Heartbeat &amp; Manages to Revive Him https://t.co/76uotWClDf,NOT,NONE,2
756,3797,3797,hasoc_de_3798,@BlondJedi @annewill Mal ehrlich - welche Frau will schon einen Schwarzafrikaner? Frau Anne Will bestimmt auch nicht!,HOF,HATE,0
3320,574,574,hasoc_de_575,"LePenseur:'Somancher SchnappschuÃŸ: ... lÃ¤ÃŸt in Tiefen blicken, vor denen dem Betrachter schwindelt ... https://t.co/se4Bil8MhL '",NOT,NONE,2
1256,3644,3644,hasoc_de_3645,"@realJohr Ãœbel, da scheint eine kritische Masse erreicht. Vielleicht doch Putin? ^^",NOT,NONE,2
1485,707,707,hasoc_de_708,"Der Artikel gibt keine Auskunft Ã¼ber die Herkunft von SchÃ¼ler, Mutter und 'Helfer'! Zufall?  https://t.co/mjwTwFFtHf  https://t.co/MCpS9qrCdq",NOT,NONE,2
2294,1914,1914,hasoc_de_1915,Muslime sorgen in #Bremen fÃ¼r Ordnung: Schwule werden aus BÃ¼rgerpark vertrieben!  https://t.co/AqDaGkCoZZ,HOF,OFFN,1
943,1598,1598,hasoc_de_1599,"@Ungebeten1 Hatte ihm was Ã¤hnliches geschrieben, zu einem anderen Erguss seinerseits, jetzt hat er mich geblockt. ğŸ˜‚ğŸ˜‚ğŸ˜‚  Uffbasse Grossmeister ZopfgedÃ¶ns nicht das du der nÃ¤chste bist. ğŸ˜  https://t.co/47uxwBy7BC",HOF,OFFN,1
3399,3120,3120,hasoc_de_3121,"@DPolGBund Die Polizei hat alles richtig gemacht, ich mÃ¶chte nicht wissen was die Klugscheisser hier gesagt hÃ¤tten, wenn die Polizei nichts unternommen hÃ¤tte und es wÃ¤re etwas passiert.",NOT,NONE,2
812,2741,2741,hasoc_de_2742,#Rodgau: #Behinderte in #Obdachlosenheim abgeschoben - Und #FlÃ¼chtlinge bekommen ReihenhÃ¤user #verrÃ¼ckt  https://t.co/3UTkePJvKE,HOF,HATE,0
2631,1471,1471,hasoc_de_1472,"Ich habe diesen #Rezo zwar noch nie gesehen, aber ich finde es gut, dass er die #CDU bloÃŸ stellt. ğŸ˜†  #RezoVideo",NOT,NONE,2
3286,3725,3725,hasoc_de_3726,"@Ungebeten1 @landhaustussy Anders kannste mit dem TÃ¼rken auch garnicht reden,... und abgefÃ¼llte Vollscheisse Ballons hat nicht nur Europa in Unmassen.",HOF,HATE,0
2607,1900,1900,hasoc_de_1901,"Wenn ihr jetzt so viele Irre seid, kriegt ihr dann alle auf einmal Ausgang oder wie regeln eure Pfleger das? ğŸ¤”  Ist schon eine organisatorische Meisterleistung, wenn die Psychiatrie geschlossen zum Wandertag ausrÃ¼ckt.  Respekt. https://t.co/y3Zx7HBBun",HOF,OFFN,1
2989,2956,2956,hasoc_de_2957,"@Hartes_Geld I like in allen Videos das Treten, wenn das fckg Opfer sich hinlegt. Not bad ist auch, all vs one, max. Gewinnchancen.  Clevere Boyz, Musterbeispiele fÃ¼r pos. Gruppendynamik!  (Nicht ernst gemeint)  Wir sind Schuld. Klarer Mangel an....(bitte ergÃ¤nzen).  Und wer hilft den Opfern?",HOF,PRFN,1
1033,1345,1345,hasoc_de_1346,"Das EP gibt Nigel Farage 24 Stunden, um seine Finanzierung durch einen Oligarchen aufzuklÃ¤ren: https://t.co/hyOODCi3Vi",NOT,NONE,2
2498,3659,3659,hasoc_de_3660,@realJohr FCKAFD https://t.co/L6MyH1VXYQ,HOF,HATE,0
2393,2672,2672,hasoc_de_2673,"Jetzt habe ich es von Facebook schriftlich bestÃ¤tigt bekommen. Die Vergewaltigung und der sexuelle Missbrauch von Kindern durch die AngehÃ¶rigen der allahu-akhbar-Sekte ist in Ordnung.    Kritik daran ist 'Hassrede', fÃ¼r die man 30 Tage gesperrt wird.    Wie krank ist das denn???",HOF,HATE,0
2813,2713,2713,hasoc_de_2714,FunktionÃ¤re des isl. Zentrums in HH organisieren bis heute Quds Tag mit-  egal Olaf Scholz chillt da mit Ayatollahs. https://t.co/KPdYbddVIB,HOF,HATE,0
2258,1463,1463,hasoc_de_1464,Sachen die keine Sau interessiert... ğŸ¤·â€â™‚ï¸  #Weltfahrradtag,HOF,PRFN,1
902,528,528,hasoc_de_529,Bad Zwischenahn: Syrer findet Portemonnaie - #Polizei freut sich Ã¼ber ehrliche #FlÃ¼chtlinge https://t.co/EVA61Aq9cq,NOT,NONE,2
2282,2969,2969,hasoc_de_2970,"@Hartes_Geld Wie ist das bitte mÃ¶glich? Hat sich die Justiz gegen die eigenen BÃ¼rger verschworen?   Gleichzeitig werden Leute weggesperrt, die die Hundesteuer oder GEZ nicht bezahlt haben  oder weil sie Pfandflaschen 'gestohlen' haben",NOT,NONE,2
995,925,925,hasoc_de_926,"#HeinzHermannThiele: 'Dieses Land gerÃ¤t in eine hochkritische Situation. Wir sind am Rande eines kulturellen Zusammenbruchs.â€œ Das Thema #Fluechtlinge sei nicht nur Ã¶konomisch unbeherrschbar, es stelle sich auch die Frage nach unserer #IdentitÃ¤t. https://t.co/JoD1xec463",HOF,OFFN,1
813,842,842,hasoc_de_843,"@MichaelStuerzi WartetÂ´s mal ab, das wird noch viel schlimmer! Die benehmen sich jetzt schon so, als wÃ¼rde alles ihnen gehÃ¶ren und verachten alle Deutschen, die fÃ¼r ihr Land gearbeitet haben. Schuld daran sind die Links-GrÃ¼nen-WÃ¤hler.",NOT,NONE,2
1985,1987,1987,hasoc_de_1988,"@TichysEinblick Da Vater Staat sich immer mehr an seinen Kindern vergeht, nenne ich ihn nur noch 'Kinderficker'.  Ein ganz Ã¼bles Wort, ich weiss.  Aber es passt.",HOF,OFFN,1
2785,2072,2072,hasoc_de_2073,Was macht Chebli auf einmal in Indien?    Man hat ihr gesagt die Toilette ist am Ende des Ganges ...     #Chebliwitze,HOF,OFFN,1
1412,2934,2934,hasoc_de_2935,@Hartes_Geld https://t.co/5FAnGDssYx,NOT,NONE,2
387,2202,2202,hasoc_de_2203,"Pack schlÃ¤gt sich....Bei dem Polen wÃ¼rde es mir auch in den Fingern jucken, aber ich bin ja kein Prolet, ich habe Argumente, die sind schÃ¤rfer als alle Waffen.    SchlÃ¤ge ins Gesicht: Lewandowski und Coman prÃ¼geln sich im Training https://t.co/Ky0nXxb85S",HOF,HATE,0
1161,3564,3564,hasoc_de_3565,@wendt_joachim Sorry ğŸ˜ habe ich Fragezeichen getwittert?,NOT,NONE,2
1195,1767,1767,hasoc_de_1768,Die Fans von GrÃ¤te Thunfisch interpretieren es halt etwas anders!ğŸ¤”ğŸ¤”    Das nennt man dann wohl â€œvisuelles Framingâ€œ ğŸ‘ğŸ‘ https://t.co/Be8dhrIOH3,HOF,OFFN,1
369,642,642,hasoc_de_643,"WÃ¤hlen gehen und die Zukunft unserer Kinder retten! Wenn nicht jetzt, wann dann? #AfDwÃ¤hlen https://t.co/UMddhR9UCR",NOT,NONE,2
1141,282,282,hasoc_de_283,"Sie suchten und fanden nichts, dann spielten sie, 'Verstehen Sie SpaÃŸ' mit Lockvogel etc., Ergebnis bekannt. Eine Kampagne der  BRD mit den linksrotgrÃ¼nversifften Werkzeugen: DER SPIEGEL, SÃœDDEUTSCHE ZEITUNG und ZFD NEO mit BÃ–HMERMANN, gegen, noch souverÃ¤nes, Ã–sterreich. https://t.co/KgPOGmQo0M",HOF,HATE,0
1720,2028,2028,hasoc_de_2029,Muslime steinigen Frau. Das ist nicht 'rechts' sonder richtig wenn man solche  'Kulturen' nicht im Land haben will. #Islam #Merkel #Gruenen #ISIS https://t.co/YG1r88tQME,HOF,HATE,0
1851,1979,1979,hasoc_de_1980,"Man darf nur eine Meinung in #Deutschland haben. Andere Meinungen werden mit KÃ¶rperlichen Gewalt unterdrÃ¼ckt! Zum Thema Meinungsfreiheit in #Deutschland!     ++ #AfD ++ 'Es stehen Leute da, die unser Totschlagen besingen!'  #SPD #CDU #Europa #Sicherheit #MerkelLand #Asly #Merkel https://t.co/5w4inyuHOy",HOF,HATE,0
1360,2011,2011,hasoc_de_2012,"@Der__Patriot Ganz ehrlich, ich denke heute schon an einen europaweiten BÃ¼rgerkrieg, der gegen Ende meiner Generation (Y) noch stattfinden wird. Das Szenario kÃ¶nnte sich dann meiner Meinung nach folgendermaÃŸen abspielen: https://t.co/yiaYCSsNjT",NOT,NONE,2
617,1362,1362,hasoc_de_1363,Schweden zeichnet  Greta Thunberg als wichtigste Frau des Jahres aus. Unsere Bessermenschen freuen sich. Warum?   ğŸ”¹Ein Kind wird als Frau bezeichnet - PÃ¤dos bei GrÃ¼nen+bestimmter religiÃ¶ser Gruppe freuen sich   ğŸ”¹Sie befeuert die Klima-Hysterie   ğŸ”¹Sie ruft zum SchulschwÃ¤nzen auf,HOF,OFFN,1
317,2764,2764,hasoc_de_2765,"Die 52-jÃ¤hrige Mutter hat mehr Ahnung als die ganze Berliner Polizei zusammen.ğŸ˜¢    Quelle Teiltext: #Bild.de &amp; #Bunte.de    Sorry, dass der Ã¼berhebliche Idiot euch wieder auf den Sack geht â€“ nicht allen.  #findbecci, sucht endlich nach einer lebenden #rebecca an den richtigen Orten. https://t.co/tqY3f2mmfK",NOT,NONE,2
3134,2492,2492,hasoc_de_2493,"Meine Rede zur TaschengelderhÃ¶hung auf 150â‚¬ fÃ¼r ausreisepflichtige Asylbewerber. Wer will noch leben wie Gott in Frankreich, wenn er als Asylbewerber in Deutschland leben kann?    https://t.co/L4gGQDmjbR",HOF,HATE,0
2509,428,428,hasoc_de_429,"Interessant, wie die linke Trollbrigade bei meinem letzten Tweet aufheulte und ihre dumpfen Kommentare erbrach.    Die sind wirklich zu #linksblÃ¶d, den Unterschied von Rechtspopulisten und Nationalsozialisten wahrzunehmen und ohrfeigen damit alle NS- und Holocaustopfer!  ğŸ¤¦ğŸ¼â€â™‚ï¸",HOF,HATE,0
1603,1691,1691,hasoc_de_1692,na dann ProstğŸ¤£ğŸ¤£ https://t.co/JWiw1cPusj,NOT,NONE,2
1513,3689,3689,hasoc_de_3690,"@realJohr Ich werde diesen Ã¼blen Nazi @StBrandner , also den #Reichstagsbrandner, jetzt auch blocken.    Soll sich seine bekackte Reichweite woanders suchen.",HOF,HATE,0
3091,3663,3663,hasoc_de_3664,@realJohr @StBrandner Schon wieder Sinnfreies von unserem Mr. Long Dong ?,NOT,NONE,2
68,1577,1577,hasoc_de_1578,"Wie naiv kann ein erwachsener Mensch eigentlich sein?  Wenn ihr @smuellermdb gelesen habt, dann wisst ihr Bescheid!    'Klarname' oder auch die Einladung an den linken Abschaum, dir Haus und Auto abzufackeln. https://t.co/phdqsOwgYm",HOF,HATE,0
1580,2868,2868,hasoc_de_2869,@realJohr #nazis und #afd sind ğŸ’©ğŸ’©ğŸ’©,HOF,OFFN,1
3179,1625,1625,hasoc_de_1626,"@BKsoll @Ungebeten1 Um so schlimmer, wenn man trotz der hÃ¶heren BildungsabschlÃ¼sse zu blÃ¶d ist sein Wissen in der Praxis anzuwenden und auszurechen was uns die AsylbetrÃ¼ger kosten, und dass diese selbst die Kosten nie erwirtschaften werden.    https://t.co/gGlJlyZ9RQ",HOF,OFFN,1
1379,1616,1616,hasoc_de_1617,"@Ungebeten1 @TheoWiesengrund Wieder so ein erbÃ¤rmlicher Wicht der jeden der nicht seiner Meinung ist als Nazi beschimpft, selbst aber nicht bemerkt das er der Nazi ist.",HOF,OFFN,1
1551,1072,1072,hasoc_de_1073,"Eine der perfidesten WortschÃ¶pfungen der Ã¶ffentlich-rechtlichen Medien-Junta ist die Selbstbezeichnung 'Free-TV':  - Sie zwingen dich per Staatsgewalt, monatlich zu zahlen.  - Du kannst diesen 'Vertrag' nicht kÃ¼ndigen.  #FreeTV  #BoykottMSM",NOT,NONE,2
848,2752,2752,hasoc_de_2753,PÃ¤dophilie: Der alltÃ¤gliche Missbrauch in einer grÃ¼nen Kommune! Da wird einem nur noch schlecht! https://t.co/iOiWa7vc4C via @welt,HOF,HATE,0
2783,66,66,hasoc_de_67,"@ArasBacho Wer hat dem kriminellen Grapscher das geschrieben? So viel IQ hat der nicht, dass der auch nur einen Satz fehlerfrei schreiben kann.",HOF,OFFN,1
3097,1197,1197,hasoc_de_1198,"Wer sich in #England zum Imam ausbilden lÃ¤sst, lernt folgendes: 'Allah ist glÃ¼cklich, wenn Moslems ihre Frauen vergewaltigen und schlagen.'  https://t.co/JWFd0kqcOs #Ramadan",HOF,HATE,0
1268,2031,2031,hasoc_de_2032,"Die Durchschnittstemperatur auf dem #Mars sei seit den 70er Jahren um etwa 0,65 Grad angestiegen, also genauso wie auf der Erdeâš ï¸    Nach der Logik der #grÃ¼nen #Klimasekte mÃ¼sste wir auf dem Mars also einen menschgemachten #KlimaWandel Haben ğŸ˜    #NoGrÃ¼ne  https://t.co/4StCqlEW98",HOF,HATE,0
1646,2877,2877,hasoc_de_2878,@Uwe_Junge_MdL CDU u.SPD werden nur Ã¼berleben wenn sie sich reformieren und nach Rechts rutschen und das Asyl und Aufenthaltsrecht drastisch verschÃ¤rfen und die Massenmigration stoppen!,NOT,NONE,2
2520,1383,1383,hasoc_de_1384,ğŸ·ğŸ½'PRO CHEMNITZğŸ–ğŸ½ğŸ·ğŸ–ğŸ½ğŸ·ğŸ–ğŸ½ğŸ· Mitstreiter wurden nach der heutigen Demonstration von Asylbewerbern mit Messern angegriffen'.Â ğŸ˜¡  https://t.co/bFQ3V1YKOj,HOF,PRFN,1
558,1811,1811,hasoc_de_1812,"na zum GlÃ¼ck haben sie Polizeisport ğŸ‘ŒğŸ’ªğŸ˜¡da kann man sich wenigstens mit voll geschissenen Unterhosen absetzen ğŸ˜¬  denke mal SchieÃŸen ist gestrichen fÃ¼r die Polizei(am besten Bananen fÃ¼r das Holster,hat man Energie beim Sprint)  das neue Weglaufen ist das neueZeichen der PolizeiğŸ‘Œ https://t.co/PjvB4LsFM5",NOT,NONE,2
561,3093,3093,hasoc_de_3094,"ğŸ¤¬ So ein feiges Dreckspack! ğŸ¤¬  â€In dem Bus saÃŸen keine gierigen Makler o Miet-Haie, sondern eine Gruppe krebskranker Menschen, die zu einer privaten Veranstaltung nach #OberschÃ¶neweide unterwegs waren.'  #Antifa - Terror von LINKS!  #AfDğŸ’™  https://t.co/2EqV7oIUtA @DrDavidBerger",HOF,OFFN,1
1382,930,930,hasoc_de_931,"Ich bin der RÃ¶hrich,darf ich reinkomm' oder stÃ¶r ich ğŸ˜œ So langsam dreht Ihr alle komplett frei,kann das sein? Gas -Wasser -ScheiÃŸe wurde umfunktioniert. Und? GrundgÃ¼tiger ğŸ™„ https://t.co/k2qEHY81Vt",HOF,PRFN,1
1377,3122,3122,hasoc_de_3123,"@DPolGBund HÃ¶chstens anti-islamistisch. Und wenn, dann zurecht!  Denn die hassen und bekÃ¤mpfen Christen, Deutsche, EuropÃ¤er, UnglÃ¤ubige!    Ihr braucht nur die Augen aufzumachen. Und nicht vergessen was euer eigentlicher Job ist. Ihr seid keine Bodyguards fÃ¼r Fanatiker und IntensivtÃ¤ter.",HOF,HATE,0
909,2258,2258,hasoc_de_2259,"Warum mÃ¼ssen bei solchen Projekten 'FlÃ¼chtlinge' immer junge MÃ¤nner und Frauen immer Einheimische sein?    Ein Projekt mit jungen, deutschen MÃ¤nnern und FlÃ¼chtlingsmÃ¤dchen hab ich noch nie gesehen.    https://t.co/Sg7yGSnyek",NOT,NONE,2
3019,3290,3290,hasoc_de_3291,Deutschland 2019 - ein Irrenhaus:  Merkel und ihre Komplizen lassen  Millionen Illegale ins Land und verschÃ¤rfen damit unter anderem die  Wohnungsknappheit. Linksextreme verÃ¼ben TerroranschlÃ¤ge auf  ImmobilieneigentÃ¼mer und ...  https://t.co/tU2peAaVXx  https://t.co/JHeDhe74W7 https://t.co/gOqnX1EsgK,HOF,PRFN,1
2283,1771,1771,hasoc_de_1772,Bin Deutsch zÃ¤lht das och noch ğŸ¤”ğŸ¤”  oder gibt ja nur noch Bin Fachkraft beim Hartz 4 ğŸ˜¡nix arbeiten nichts machen   Bin eben da ğŸ˜¡ğŸ˜¡  ach ja fast rvergessen   Bin ficki ficki wird immer Ã¶ffters mit schmierigen Haaren gesehenğŸ˜¬ğŸ˜¬ https://t.co/ZzsNcY1VLl,HOF,PRFN,1
392,124,124,hasoc_de_125,"Man muss sich einfach mal vergegenwÃ¤rtigen, um was fÃ¼r Spinner es sich bei den Gehirngewaschenen bei #FridaysForFuture handelt: Wer oder was bringt solche Hohlbirnen hervor?  Enjoy!  ğŸ˜‚  Ganze Doku: https://t.co/SfPZDf4vyt #FFF https://t.co/dErgc8vNY5",HOF,OFFN,1
1845,3217,3217,hasoc_de_3218,"Erstmal Entschuldigung an einige? Twitterer, dass ich auf der falschen Seite stehe. ğŸ˜¢  Florian rede einfach, damit das geklÃ¤rt ist und in die ANDERE RICHTUNG ermittelt werden kann, damit #Becci endlich lebend gefunden werden kann.    https://t.co/bVlaVtEu5S    #Rebecca #Findbecci",NOT,NONE,2
28,2844,2844,hasoc_de_2845,Sie werden mit ihren grausamen Stimmen â€šAllahu Akbar' schreien und Menschen tÃ¶ten. DAS SIND UNSERE FEINDE!!!â€œ,HOF,OFFN,1
923,1255,1255,hasoc_de_1256,"Donald #Trump zieht das echt durch: Er stopft iIlegale und kriminelle #Migranten in Shithole-StÃ¤dte, die von Bunten ('Demokraten') regiert werden!  ğŸ˜‚  ğŸ‘ https://t.co/WEZpCUrzkM",HOF,HATE,0
2453,3356,3356,hasoc_de_3357,"#Siegburg: Stiernackiger 'SÃ¼dlÃ¤nder' legt im nÃ¤chtlichen Streit seine Brille und seine Armbanduhr ab, bevor er seinen Kontrahenten bewusstlos und ins Krankenhaus schlÃ¤gt  https://t.co/0wHRgmk6vX",NOT,NONE,2
1318,1283,1283,hasoc_de_1284,Der Aufstand der Dax-Konzerne gegen die #AfD hat begonnen!  Wann werden Standorte im Osten dichtgemacht? #afdmussweg #afdverbot #afdmachtarbeitslos #NiemalsAfD   #Landtagswahlen : #VW-Managerin sorgt sich wegen der #AfD um #Standort #Ostdeutschland https://t.co/LVaFZoldlb,NOT,NONE,2
3274,3571,3571,hasoc_de_3572,"@FinjaFinte @annevanhalen Da hilft nur , noch mehr unkultivierte Muslime ins Land zu lassen ğŸ™ˆğŸ™ˆğŸ™ˆ",HOF,HATE,0
3020,1396,1396,hasoc_de_1397,Medien schweigen dazu eisern: Der #EuGH erklÃ¤rt Deutschland zur Bananenrepublik!  https://t.co/FgQlf277cY https://t.co/2NQvOXjefK,HOF,OFFN,1
3170,412,412,hasoc_de_413,"Keine Stunde ist vergangen und schon behindert @facebook das Einstellen dieses Artikels, blendet Bild und Ãœberschrift aus. Warum wohl? Welche Informationen und Bilder sollen die Deutschen nicht sehen und erfahren? https://t.co/1oOKoqq9KF",NOT,NONE,2
2061,3576,3576,hasoc_de_3577,@FinjaFinte Bei diesem Blatt wÃ¤re auch ein vollstÃ¤ndiges Ende nicht schlimm.,NOT,NONE,2
1831,1033,1033,hasoc_de_1034,Andreas Popp â€“ â€Deutschland das warâ€™s!â€œ Ein Interview mitÂ Sprengkraft https://t.co/UsvljUYt5h,NOT,NONE,2
1905,1712,1712,hasoc_de_1713,Rolex 'Mohammed' Cheblis Antwort auf Fat-Siggis Kritik an der Migrationspolitik des Merkels-Regimes. ğŸ‘Œ  nun werden sich die Augen gegenseitig ausgehackt  WUNDERBAR  NichtskÃ¶nnerin mit hohlem Kopf aber toller Uhr  gegen Fatmann der gegen das Pack ist  auf geht es zum UNTERGANG der SPD https://t.co/41UEGgkHc6,HOF,OFFN,1
1696,1965,1965,hasoc_de_1966,"'GroÃŸe Unruhe': Niedergehobelte Radfahrer, SchÃ¼sse und lahmgelegte Autobahnen gehÃ¶ren bei tÃ¼rkischen Hochzeiten in #Deutschland einfach dazu!  https://t.co/Gfi36UkQy5",HOF,OFFN,1
661,2533,2533,hasoc_de_2534,@streetcoverage @PolizeiSachsen @DJVde Nicht nur zu #dd1502 wird klar daÃŸ @streetcoverage mit Presse und Journalismus nicht viel zu tun hat. Das sind einfach Symphatisanten des Linksmobs die mit Kamera in der Hand versuchen FÃ¶rderknete vom groÃŸen Kuchen des Kampfes gegen rÃ¤Ã¤Ã¤chtz abzubekommen.,HOF,HATE,0
2247,3412,3412,hasoc_de_3413,"Irrenhaus #DeutschlandğŸ‡©ğŸ‡ª  ? â€Aktivisten in #Berlin setzen Zeichen gg Krebsâ€œ?  ? â€Linksaktivisten Ã¼berzeugen Besucher von linksgrÃ¼ner #Klimapolitik'?  NEIN  Linksextreme attackieren Bus mit krebskranken Menschen, die zu Veranstaltung nach OberschÃ¶neweide wollen  https://t.co/0BFK3K5efi",HOF,PRFN,1
3172,1516,1516,hasoc_de_1517,"@worldwideto darf gerne geblockt werden, diese verdammte Meldedrecksau.  #HetzlichenDank",HOF,OFFN,1
3334,2559,2559,hasoc_de_2560,"MMNews: Hartz IV und SpaÃŸ dabei: Im Internet kursiert ein Video eines mutmaÃŸlichen Clan-Mitglieds, das sich Ã¼ber das Jobcenter lustig macht. Voller Stolz zeigt er Auto samt Inhalt - gearbeitet hat er offenbar nicht dafÃ¼r... Read more... https://t.co/WCYOKYSZAV",HOF,HATE,0
2029,2717,2717,hasoc_de_2718,"Wer gedenkt der vielen Toten, die durch Migrantengewalt ums Leben gekommen sind? https://t.co/EmvZPbFP9L",HOF,HATE,0
416,3683,3683,hasoc_de_3684,@realJohr @zhbbibo Demokratie ğŸ‘.  #noafd,NOT,NONE,2
3045,823,823,hasoc_de_824,"@dushanwegner Das ist der Kaninchenbau-Effekt, vor dem jetzt immer gewarnt wird. Einmal eine unseriÃ¶se Seite angeklickt, wird man immer tiefer in den Sumpf von Desinformation und Propaganda gezogen. Gegenwehr praktisch unmÃ¶glich. ;-)",NOT,NONE,2
1093,226,226,hasoc_de_227,"Gerade zufÃ¤llig ARD eingeschaltet. Trump bÃ¶se, Refugees gut, Deutsche bÃ¶se, Greta gut. ARD/ZDF mÃ¼ssten eigentlich als GÃ¼ne Jugend Dauerwerbesendungs-Kanal gekennzeichnet werden.",NOT,NONE,2
2687,3803,3803,hasoc_de_3804,@BlondJedi Ey ich scheiÃŸe auf deinen ğŸ‘»ğŸ˜  Ich glaube als linksgrÃ¼ner bin ich zu cool fÃ¼r den heiligen Geist,NOT,NONE,2
35,1078,1078,hasoc_de_1079,"Ehrendoktor fÃ¼r eine 16-jÃ¤hrige SchulschwÃ¤nzerin, die einen an der Waffel hat!  ğŸ˜‚  Solche Aktionen wird man in GeschichtsbÃ¼chern mal nachlesen und sich wundern kÃ¶nnen, 'wie es bloÃŸ dazu kommen konnte'.  #Greta https://t.co/L7YFPfIuf7",HOF,OFFN,1
2592,3226,3226,hasoc_de_3227,"Du, nicht mehr mein #Deutschland    ÃœBERRASCHUNG! Arabische Kinder sollen die 11-JÃ¤hrige in den Tod getrieben haben | Schul-Horror #5  https://t.co/4SYFC2EFe0    Mein Beileid und ruhe in Frieden kleine Ines    #mobbing #suizid #mord #Berlin #Reinickendorf #politik #medien #Ines #Gewalt https://t.co/ejISGfdHWT",NOT,NONE,2
1689,1637,1637,hasoc_de_1638,"Die Tante schreibt in ihrer Vita: 'Hasspropaganda wird geblockt.'  Und dann so ein Tweet...  Und im Ãœbrigen bin ich nicht nur fÃ¼r ein Verbot der Hisbollah, die gesamte Moslem-Sekte sollte als verfassungsfeindlich verboten werden. https://t.co/qnBRdo43S8",HOF,HATE,0
1207,2885,2885,hasoc_de_2886,@Uwe_Junge_MdL @ThomasOppermann  Der Typ ist noch schlimmer als ein erbÃ¤rmlicher PharisÃ¤er und Heuchler. Hat sich nur mit der Absteiger @spd zum VizeprÃ¤sident wÃ¤hlen lassen und steckt sich dort beidhÃ¤ndig bis oben die Taschen voll. Aber wer tÃ¤glich mit Claudia reden muÃŸ bekommt Schmerzensgeld.,HOF,OFFN,1
1876,866,866,hasoc_de_867,#Asylbewerber-Zahlen in #EU steigen wieder deutlich. Ist schon lange bekannt. Wurde aber bei den Wahlen heruntergespielt. Stattdessen stÃ¤ndig das Gegenteil behauptet.  â˜ï¸So was nennt man WÃ¤hlertÃ¤uschung.   https://t.co/hjj37msSKE,NOT,NONE,2
555,1937,1937,hasoc_de_1938,So soll es in Zukunft aussehen...und wer bezahlt die ganzen...so friedlichen..Lieben...traumatisierten Asylis...Wer ernÃ¤hrt diese und Wohnungen...natÃ¼rlich wir...mir graust....auf in die Sklavenhaltergesellschaft...fÃ¼r die Asylis...â˜ï¸ğŸ‘¹ğŸ‘¹    https://t.co/bpiSH0NH24,HOF,PRFN,1
13,1106,1106,hasoc_de_1107,Seht euch das an:  Im Wahlkampf vor 2 Jahren hat @SebastianKurz den #Ibiza-Trip von #Strache bereits angesprochen!  Wie lange (und warum) wusste der (Noch-)Kanzler bereits Bescheid?  via/ @Eddie_1412 https://t.co/ji4OrKktTb,NOT,NONE,2
1329,2943,2943,hasoc_de_2944,@Hartes_Geld @DFakeNews1 Ist das aufs Ende zu ein MÃ¤dchen oder ne Heldenstimme ?!?ğŸ˜‚ğŸ˜‚,NOT,NONE,2
256,3751,3751,hasoc_de_3752,@Ungebeten1 @Yuma_lein Man sollte immer den nÃ¶tigen Respekt vor anderen haben. Die wichtigste Frage ist eher: ist so ein brauner Abschaum wie du wÃ¼rdig als Mensch wahrgenommen zu werden ?,HOF,HATE,0
1638,303,303,hasoc_de_304,"Retweete diesen Tweet, wenn du auch dafÃ¼r bist, dass â€œFlÃ¼chtlingeâ€œ in Wohngebiete von GrÃ¼n-WÃ¤hlern angesiedelt werdenğŸ¤¨ğŸ¥³",HOF,HATE,0
2184,3742,3742,hasoc_de_3743,"@Ungebeten1 @BundesGockel Der Neger kann froh sein, dass ich nicht der Vater des Kindes bin...",HOF,HATE,0
1122,1967,1967,hasoc_de_1968,"Ich verstehe die Aufregung um #Brunei nicht: Der Sultan versichert doch, dass die #Scharia strikt eingehalten wird.  AuÃŸerdem urteilen nur MÃ¤nner von â€hohem moralischem Rang und FrÃ¶mmigkeitâ€œ Ã¼ber die Steinigung von Schwulen.  https://t.co/xIFoNSojiN",HOF,OFFN,1
2175,556,556,hasoc_de_557,"Dieser ganze Laden @SEENOTRETTUNG gehÃ¶rt geschlossen. Sie â€rettenâ€œ nicht â€FlÃ¼chtlingeâ€œ aus â€Seenotâ€œ- sondern schleusen Illegale u locken so erst Tausende aufs oft tÃ¶dliche Meer. Und jetzt rufen sie auch noch zu Scheinehen auf, um Aufenthaltstitel zu erschleichen. https://t.co/RcCKC1mnUn",NOT,NONE,2
1732,1877,1877,hasoc_de_1878,Ich glaub die werden immer bekloppter!..Gott schieÃŸe Hirn runter..bitte!!!..  Die Jungschen verblÃ¶den!!!!â˜ï¸    https://t.co/KOiOwGaDZQ,HOF,PRFN,1
491,3584,3584,hasoc_de_3585,@FinjaFinte @Deutschland_77 Die Schweden werden ihr FlÃ¼chtlingsbesoffenheit bitter bereuen.,HOF,HATE,0
1776,1229,1229,hasoc_de_1230,Da schau her: Das Feuer in der #NotreDame ist gleichzeitig an zwei unterschiedlichen Stellen ausgebrochen.  ZufÃ¤lle gibt's!  https://t.co/3WFcpdifg8,NOT,NONE,2
1320,2905,2905,hasoc_de_2906,"@Uwe_Junge_MdL Herr Junge, sie haben sich also auch an Tod von Walter LÃ¼bcke ergÃ¶tzt mit ihrem rassistischen, antisemitischen, antidemokratischen, homophopen Verein AfD. Ihr werdet NIE was zu melden haben. https://t.co/p9plKCEI0p",HOF,OFFN,1
140,1672,1672,hasoc_de_1673,"Und die #Propaganda hat nachgelegt.  Dass #LÃ¼bcke sich mit seinen  unverschÃ¤mten Ã„uÃŸerungen zur Willkommenskultur selbst zum Hassobjekt gemacht hat und nach seinem Tod allenthalben HÃ¤me frei wird, damit MUSS die Gutmenschenfraktion jetzt klarkommen.  UnschÃ¶n, aber verstÃ¤ndlich. https://t.co/cV9FFJcnCH",HOF,OFFN,1
712,0,0,hasoc_de_1,Frank Rennicke â€“ Ich binÂ stolz https://t.co/Cm6TD8w1k1 https://t.co/qynXso07Zn,NOT,NONE,2
1016,2441,2441,hasoc_de_2442,Weg mit der Judensau !?! |Â AKTUELL https://t.co/fz2wqfXAzc https://t.co/cQiDv2fGRK,HOF,HATE,0
566,764,764,hasoc_de_765,"#Wohnnot: @Uwe_Junge_MdL wirft SPD vor, Wohnungen einst verschleudert zu haben. Antwort des @FM_RLP auf Anfrage der @AfDFraktionRLP zeigt: Land verkaufte 1998 Anteil an HeimstÃ¤tte Rheinland-Pfalz GmbH (30,27 Prozent) mit Bestand von rund 20.600 Wohnungen fÃ¼r 116,5 Millionen Mark.",NOT,NONE,2
1323,1510,1510,hasoc_de_1511,"Schwul sein ist keine Krankheit. Es ist pervers. Aber fÃ¼r Linke, Rote und GrÃ¼ne ist Sex mit Kindern und Tiere auch nicht so abwÃ¤gig. Der Vatikan hat diese Woche klargestellt, dass es nur Mann und Frau gibt. https://t.co/GD06xUJerA",HOF,HATE,0
1548,2732,2732,hasoc_de_2733,#taharrushgamea im Zug. Wieder wird MÃ¤dchen von Migranten sexuell genÃ¶tigt. Sie stritten sich regelrecht um 'Beute' https://t.co/rye9v8n05J,HOF,HATE,0
1591,2015,2015,hasoc_de_2016,#Migrationspakt von #Merkel wirkt. Immer mehr Sozialhilfetouristen aus #Afrika werden nach #EU eingeflogen. https://t.co/3cyUgLbOOD,HOF,HATE,0
2360,2668,2668,hasoc_de_2669,"#Bexbach: Drei syrische Jugendliche bedrohen am Pfingstwochenende an drei Tagen hintereinander Bahnreisende, auch mit Messer und belÃ¤stigen Frauen und MÃ¤dchen - Polizei lÃ¤sst sie immer wieder laufen  https://t.co/plbzEOHNHC",HOF,HATE,0
2679,333,333,hasoc_de_334,"Was sagt  @sawsanchebli eigentlich dazu, dass sich an einer stark bereicherten Grundschule in Berlin eine 11-jÃ¤hrige wegen Mobbing das Leben nahm? Wegen jeder kleinen Befindlichkeit a la 'wir werden diskriminiert' sich zu Wort melden aber hier schweigen?  #Reinickendorf #Hausotter",NOT,NONE,2
1652,961,961,hasoc_de_962,"Sorry, liebe @ABaerbock. Da mÃ¼ssen wir mal was richtigstellen. Kritik ist ok, aber bitte bei der Wahrheit bleiben. @GrueneBundestag #GeordneteRueckkehrGesetz https://t.co/U7zhwkLAYv",NOT,NONE,2
2243,3678,3678,hasoc_de_3679,@realJohr Wie bereits erwÃ¤hnt: HetzkrÃ¤he.,HOF,PRFN,1
2912,3648,3648,hasoc_de_3649,@realJohr Ekelhafte Nazis!,HOF,HATE,0
2790,1254,1254,hasoc_de_1255,"Es vergeht kaum ein Tag ohne Rassismus. Eine der â€netterenâ€œ Nachrichten des heutigen Tages -mehr mÃ¶chte ich Euch heute ersparen: â€Sie sind mit 12!!! Geschwistern hier durchgefÃ¼ttert worden... Sie haben doch genug Geld, nehmen (Sie) Ihre Mischpoke mit in das Land Ihrer TrÃ¤ume... https://t.co/W843X7KdID",HOF,OFFN,1
1790,3162,3162,hasoc_de_3163,"@LeCardinal20 @Lebensformation Tja, nun sind die Armenleuchter â€gerettetâ€œ und das passt ihnen auch wieder nichtğŸ˜‚Papiere haben sie bestimmt auch nicht mehr, denn deren entledigen sie sich ja vor oder wÃ¤hrend dem Bootstrip. Hat das Russische Fernsehen mal berichtetğŸ‘",NOT,NONE,2
3182,3736,3736,hasoc_de_3737,"@Ungebeten1 @Ofenschlampe SÃ¶hne unmÃ¼ndiger MÃ¼tter  , eine Ehefrau von mehreren die geprÃ¼gelt wird wenn sie ihr Recht fordert und nicht mehr als eine GebÃ¤rmaschine ist , deren.SÃ¶hne sind Hur....ne !!",HOF,PRFN,1
258,1800,1800,hasoc_de_1801,Sandwich mal anderes ğŸ¤®ğŸ¤®    ....;;......man wird sich wohl dran gewÃ¶hnen mÃ¼ssen !!!!ğŸ¤”ğŸ¤” https://t.co/VsvFuSUEhz,HOF,PRFN,1
2534,3192,3192,hasoc_de_3193,Nur ne Frage an die Berliner Polizei &amp; Andere von einem Idioten. ğŸ˜¢    #findbecci endlich #rebecca #baqqu #instagram #bekanntschaft #freund #schwager #schwagerwars @polizeiberlin https://t.co/ozsyuYdxIx,HOF,PRFN,1
2362,2793,2793,hasoc_de_2794,"Nur drei sinnvolle Aussagen/SÃ¤tze habe ich bis jetzt zum Fall #Rebecca gelesen.  Wir haben es hier mit einem besonderen Fall zu tun.  Wenn doch alles ganz anders war.  Wer mit Drogen macht, tut das auch MÃ¤dchen an.   Und jeweils danach nur BULLshit.ğŸ˜¢    #findbecci sucht eine Lebende.",HOF,PRFN,1
2669,3148,3148,hasoc_de_3149,"@Hartes_Geld War wieder ein Kulturbereicherer auf Beteicherungstour. HÃ¤tten die â€Nazisâ€œ was drauf, wÃ¤re das Problem schon lÃ¤ngst ohne die lÃ¤cherliche deutsche Kuscheljustiz gelÃ¶st!!",HOF,HATE,0
3364,2733,2733,hasoc_de_2734,"Ich wusste nicht, dass #Mohammed ein Volk ist? #Volksverhetzung https://t.co/yKcGQ6dFsn",HOF,HATE,0
3099,2960,2960,hasoc_de_2961,"@Hartes_Geld Nur in der Gruppe, sind diese Schmarotzer stark. Diese mÃ¼ssen aus dem Land geprÃ¼gelt werden.",HOF,OFFN,1
1621,1744,1744,hasoc_de_1745,mal was in eigener Sache  warum kommt dieser scheiss  https://t.co/A9k9CbZ4Ca  immer in meinen privat Nachrichten ??  heute bestimmt schon 10 mal als privater chat angezeigtğŸ˜¡ğŸ˜¡,HOF,PRFN,1
545,712,712,hasoc_de_713,"Der politische #Islam ist im Kern antisemitisch, antichristlich und zutiefst undemokratisch - er gehÃ¶rt nicht zu #Deutschland! https://t.co/h8AfgOqPMI",HOF,HATE,0
2386,2488,2488,hasoc_de_2489,Erkanbald ist ein schÃ¶ner Name. #mainz,NOT,NONE,2
694,3643,3643,hasoc_de_3644,"@realJohr Die AfD hat doch nur ein einziges Thema: Biodeutschsein und daraus Eliteableitung konstruieren. Ende. Wie soll sie sich denn bei Themen verhalten, bei denen Nachdenken gefragt ist? Eben! Gar nicht!",HOF,OFFN,1
3276,740,740,hasoc_de_741,"SchÃ¶ner Wahlkampfabend mit Nicole HÃ¶chst, MdB in Frankenthal!  Der jÃ¼ngste Kreisverband der #AFD Rheinland-Pfalz hat gut mobilisiert! https://t.co/bB76u7NtrL",NOT,NONE,2
3118,1167,1167,hasoc_de_1168,"Marokkanische Rapperin #Juju erzÃ¤hlt Anekdoten aus ihrer Schulzeit in #Berlin:  â¡ï¸ In meiner Klasse waren 2 Deutsche. Die waren scheiÃŸegal und Opfer.  â¡ï¸ Die 14-jÃ¤hrige Christina im Koffer zu verbrennen, war schon voll krass. https://t.co/bsPzFjA90P",HOF,HATE,0
3129,717,717,hasoc_de_718,"Ekelhaft, dieser erbÃ¤rmliche #Opportunist - und vom #Fussball hat er auch keine Ahnung! Soll Nachfolger von #Nahles werden! Geht's noch schlimmer? https://t.co/FQWnsXVBo7",HOF,OFFN,1
96,1815,1815,hasoc_de_1816,"Hab ne Kippa gekauft, reingeschissen und in die Al-Quds-Demo geworfen.  Ist das multi-kulti genug ?ğŸ¤”ğŸ¤”ğŸ¤ªğŸ¤ª",HOF,OFFN,1
1290,3694,3694,hasoc_de_3695,"@realJohr Irr und wirr wie die gesamte Nazi - Bande, egal wie sie sich grade nennen...",HOF,HATE,0
