,text,true_label,without_label,adv_labels
0,ููู ููุง ุตุฑูุงูุฉ ุงูุณูุฏ ุชุงุฌ ุนูู ุฑุงุณู ูุฑุฃุณ ุฑุคุณุงุก ุงูุนุฑุจ ุงูุงูุฐุงู ุงููุชุฎุงุฐููู ููู ูููุง ุงูุณูุฏ ุงูุช ููุช,1,1,1
1, ุงูุชู ูุณุฎุฑุฉ ุจุดุฑูู,1,2,1
2,ูุงุญุฏุง ุจุฏู ูุญุงููุฉ ููุดููุฉ ุบูุฑู ,1,2,1
3,ูุญุชุงุฌ ุฅูู ุณูุงุณููู ุฌุฏุฏ ุนูุถุงู ุนู ุงููุงุณุฏูู ุงูุญุงูููู ,2,2,2
4,ุณุฏ ุจูุฒู ูุง ุตุฑุตูุฑ ูุง ุฎุงุฆู ูุง ุนููู ุงูุชู ุงูุฐูู ูุณุชุนุจุฏูู ุงูุฅูุทุงุนู ูููุฏ ุฌูุจูุงุท ุงูุชู ูุง ูุทุนุงู ูููููู ุฅุฐูุงู ูุชูุจูุฉ ูููู ุชุฌุงุฑุฉ ุจูู,0,0,0
5,ุงููู ุงูุช ูุณููู ููููู ูุงูู ุงูุณ ูู ุดุฑุจ ุงูุฎูุฑ ุงุฎุจุฑู ุงูู ุงูุณ ุฅุณุฑุงุฆูู ูุตูุช ุฏูุดู ููุทุงุฑูุง ุชุถุฑุฑ ,2,2,2
6,ูู ูุฑุงุก ููุงูููู ููุคูุงุฑุชูู ุฎุณุฑ ุจูุฏู ูุจูุงู ุงููุซูุฑ ูู ุดุจุงุจู ูุชุดุชุชูุง ุจุงุตูุงุน ุงูุนุงูู ููุจุญุซ ุนู ุญูุงุฉ ูุฑููุฉ,2,2,0
7,ูุนูุงูุง ุงููุณูุญูุฉ ูุงุฌุญูู ุงูุชุฑ ูู ุงูุงุณูุงู ุนุงูุชุนุจูุฑ ,2,2,0
8,ูุนููุง ุชููู ูุฏูุฉ ูุญุชุฐู ุจูุง ูุจูุงุก ุงูุฏููุฉ ุงูุนุงุฏูุฉ ,2,2,2
9,ุฒูุฌุฉ ุงูุณูุณู ูุชุฃุซุฑุฉ ุจููููุฉ ุงูุง ุฃูุซู ูุงูุงูุซู ูุง ุชูุญูู,2,2,2
10,ูุณุงูู ุนุงูุงุช ุนูู ุงูุจุดุฑูุฉ ูู ุงุทุจุงุฆูู ู ูููุฏุณููู ู ูุฏุฑุณููู ุณูุฑููู ูุญู ุงูู ุนูููุงูู ุจุดุฑ,0,2,0
11,ููุชููู ุนููู ุชุณูุฑ ุชูู ูุงูู ุฎูุต ุทูุญ ุงูููู ุงูุนูุงุจ ูููุงุจ ููุงุจ ูุงุชู ุงุจู ุฏูุงุจ ,2,2,0
12,ูู ูุง ูุงู ุฌุญุด ูุง ูุงู ุตุงุฑ ููุตู ุจูุง ูุคุงุฎุฐุฉ,1,2,2
13,ุฏูููุฉ ูุทุฑ ุจุญู ุฏููุฉ ูุงุฑูุฉ ูุงุณุฏุฉ ุณูุฆุฉ ุงูุณูุนุฉ ,0,0,0
14,ููู ุฎุทุงุจุงุชู ุนู ุฎูุฏุฉ ูุงููุฑูุง ูุนุถูุงุชู ููุง ุชุฑูุช ูููุฉ ูุจูุญุฉ ูุง ููุช ุนู ุชุงุฑูุฎู ุจุฏู ูุฐูุฑู ูููู ุนู ุชุชูุงูู ุจุนุถูุชโฆ ,2,2,1
15,ุงูุช ู* ุงูู ุนุงูู ููุบุฑูุจ ูุนูู ุงู ูู ุฏุฑุฒู ูุนู ูุงู ุงูุฏุฑูุฒ ููู ุจุฑุงุก ูุง ููุชู ูุง ูุบุฏ ูุง ุงุจู ุงูุฒูุง ูุง ุนุฑุณ ุงูุชโฆ ,1,0,0
16,ุงุฐุง ุงูุช ุฃูุถู ููู ุฒุญูุท ููููู,2,1,1
17,ุงูุนูุฑ ุงูู ุญู ูุจูู ุนูููู ุงููุจุฑ,2,0,0
18,ููุงู ุงูุช ูุณูุญู ุดู ูููุด ุญุงุดุฑ ููุฎุงุฑู ุจูู ุงููุณูููู,0,0,0
19,ูุง ุฃุฎูุชูุง ูู ูุจูุงู ููููุง ุนูู ุญุฐูุฑ ูู ูุฏุจูุฑ ุงููุชู ูู ุงูุฏูู ุงูุนุฑุจูุฉ ,2,2,0
20,ุณูุงุญุชู ูุงูุงุช ุจุณ ูุงู ุนูุฏู ุงุณูุงู ุดุฏูุฏ ูุนูุฏู ุนููุจุฉ ุฅูุฑุงููุฉ ูุนูุฏู ุฌุจุฑุงู ุจุงุณูู ุณูุงุญุชู ุจุณ ููุทุณ ุฑูุญุชู ุฑุงุญ ุชููู ุงูุนุงูู,1,2,1
21,ุนุณุงู ููู ููุง,1,1,1
22,ููู ุนุงุฑู ููู ุจุฏู ุชุชุจูุฏู ุนู ุชุดุชุฑู ุงูุจูุฏูู ูุญุงูู ูุดุชุฑู ุงูุจุตูู ุจุตูู ุจุนูุฑูุง ูุง ุฑุญ ุชุตูุฑ ูุฑูุฒู ,2,1,1
23,ุชูุชุง ุงููุญุณ ุงู ุงูุจูุชูุณ ูุงูุดุฏ ูุงูููุฎ ุงูุนูู ูุง ุจุชุณุชุญู ุนุง ูุจุฑุชู ูุดูุจุชู ููู,1,1,0
24,ุดู ุฑุงู ุงูุนูุงุฏ ุนูู ุจุชุนูููู ,2,2,1
25,ุงูุช ุฎุฑุงุณ ู ุงูุช ููู ุงุตูุงู ูุชุญูู ูุง ุญุดุฑุฉ ูุง ููุฑุฉ ูุง ุฎุงูู ูุง ุงุจู ููุฑุฉ ููุง ูุถุจ ุจุนุฏ ูุงูุตูุง ููู ูุงุณ ูุญููุง,1,1,1
26,ูุง ุฒููู ูู ุทุงูุน ุจุฅูุฏู ุดู ููุช ูุด ุนู ุชุนูู ููู ูู ูู ุฌูุนุฉ ุฎูุตูุง ุจูู ,1,1,1
27,ูู ุงูุถุงุญูุฉ ุงูุงุจูุฉ ููุง ุฏูุดู ,2,2,2
28,ูููุง ุจุณูุทุฉ ุงูููู ุฎุณุงุฑุชูุง ูุดุฑูุฉ,2,2,2
29,ุณูุงุญุฉ ุงูุณูุฏ ูุญู ุจุงูุฑู ุจุณ ุฌุจุฑุงู ุจุงุณูู ุฏูู ุชููู,2,2,2
30,ุฑูููุฉ ููุฏู ุซูุงูุชู ููุงุฒู ูุฑุฏ ุนููู ุจุญุณุจ ุซูุงูุชู ูุฃุฎูุงูู ,2,0,0
31,ููู ุจุฌู ุจุฏู ููู ูุณุฑุทู .ุทุฒ ุจููู ุดุนุจ ูููู ุฏููุฉ ูููู ูุถุงุก,0,0,0
32,ูู ุชุนูู ุงูู ุจุงูุญุฑุจ ุงููุจูุงููุฉ ูุงู ูู ุฅุฌุฑุงู ูุฏ ูุง ุจุฏูู ุจุณ ูุง ูุงู ูู ูุฌูุฑ ุณูุงุณู ูุฏ ููู,2,2,2
33,ูุจุงุฏุฑุฉ ุจูุฑูุช ููุณูุงู ุนุงู ุจุญุถูุฑ ุงูุฑุฆูุณ ุงูููุงูู ุงููู ูุญูุฏ ูุฑุฆูุณ ูุฌูุณ ุงูููุงุจ ุงูุงุณุชุงุฐ ูุจูู ุจุฑู ุฑุฆูุณ ุญุฑูุฉ ุงููุ ุชุญุฏุซุช ุนู ุณูุงโฆ,2,2,2
34,ูููุง ูุนุฑู ููู ุงููุฑุฌุน ุงููุจูุฑ ูุนุงูููุุุ ,2,2,2
35,ูุง ุฎุฑุฌ ูุฑุฏ ููู ุดุฑูู ูุฏุงุนู ูููุงุณู ูุฐู ุงููุฑุฉ ุฑูุงูู ุฎุงุทุฆ ,2,1,1
36,ูุฑูุถุฉ ููุณูุงู,1,2,2
37,ูู ุงูุดูุฎ ุณุนุฏ ุงูู ุงูุญููู ุตูุญุฉ ูุทููุชุง ููู ุนูุฑู ูุฑููุชุง ูุง ุฎุณุงุฑุฉ ุญุจูุชู ููุง ุจูุณุชุงูู ุญุจ,2,0,0
38,ูุงูุช ููุจุช ุจูู ุงููุฏููู ,2,2,0
39,ุณูุงูุชู ูุง ููุจู ุงูุดุงููู ูู   ,2,1,1
40,ูุทุฑ ุงูุงุฑูุงุจ ,0,0,0
41,ูุง ุฏุงู ูู ุทุงุฆูุฉ ููุง ุฒุนูููุง ููู ูููุฐู ุจุงูุฏููุฉ ููู ุนุจูุฏ ูู ุจุงูุดุงุฑุน ูุงุชุญูู ุจุงูุฅุตูุงุญ ,2,2,0
42,ูุง ููู ูุดุชุฑู ูุดูุฎุฉ ุณุนุฏ ูุจุงูุงููุฉ ูููุฏ ุนูู ุฏููุง ุนูู ุฏููู ,2,0,0
43,ุตุฏูุช ูุงุตูุช ูุจูุงู ุงูุญุฑ ุงูุนุงุจู ุจุงููุถุงู ูุงููุทููุฉ ุงููุญุชุฑู ููุงุจ ูุทุจ ูุงุนู ูููู ูู ุงูุฏุฑูุฒ ุงูุดุฑูุง ,2,0,0
44,ูููู ุงูุฌูุงูุฑู ุงููุจูุฑ ูุงู ุณูุงูุง ุงููุง ุงูุงุณุฏ ุณููุช ููุณูู ุงูุจูุฏ ูุชุณูู ุงูู ูุฎุฑุช ุจุงูู ูุฎุฑ ูู ุชูุฏ ,2,2,0
45,ุงูุช ุงููุงุฏู ุจุณ ููุงุนูุฑ ,2,1,1
46,ูุนูุง ูุจุงูููููุณ ููุงูู ุตุญ ูุงูู ูุจุฑูู ูููุงุฌุญูู ูุงู ุดุงุก ุงููู ุจุชููุฑุฌ ุจุงูุญูููุฉ ูุฎูู ูุงููุงุณ ุชูุฑุญ ุดูู ,2,2,0
47,ูููุง ุงูููุง ูุจูุฑ ุน ูุฏ ุณููู ุชููุตู ุงูุญุฌุงุฒ ูุชูุงูุฉ ุนู ูุฌุฏ,2,2,2
48,ููู ููุง ููุงู ุงุฎููุฌู  ,1,0,1
49,ุงูุนูุง ุดู ูุงูุญูุงุฑ,1,1,1
50,ูุง ุจูู ุชููู ูู ุจู ุ ุฃู ุฒูู ุงูุจูุงููู ุฏูู ูุฃูุชูู ูุฃุตุจุญุช ุนุธุงูู ููุงุญู ,2,2,2
51,ูู ุนุงู ู ุงูุช ุฏููุซูุฉ ู ูู ุนุงู ู ุงูุช ููุฑุฉ ู ูู ุนุงู ู ุงูุช ูุงูุตุฉ ู ูู ุนุงู ุนูุฏู ุฎูู ูููุต ุงูุช ุจุชุดุจูู ูู ุงูุดู ุงโฆ,1,2,0
52,ุงูุนูู ุดู ุชุดุชูุด,1,0,1
53,ูุง ุงุณุชุจุนุฏ ุงูู ุด ุฌุจุฑุงู ุจุงุณูู ุฅูุณุงู ุจู ุงุฎูุงู,1,2,2
54,ุงูุญู ุนูู ุฃูุดุนุจ ุฃูุจููู ุฃููู ุจุณ ุฒุนูู ุทุงุฆูุชูุง ุฃููู ูุฒุญูู ู ูุฑูุนู ุญุฏุง ููุฑุจ ุนููู ุจูุฑูุถ ูุจูุตูุฑ ูุตูุฑุฎ ุจุงูุฏู  ,0,0,0
55,ูุฐุง ุงููููุงุฑ ููุณ ุญุจุง ููุจูุงู ูููุณ ุชุจุฑุน ููุงูุฏูู ุนูุดุงู ูุดุฑู ุถูุงุฆุฑ ููุดุฑู ูุงุณ ุญููุฑู ุชุณุงุนุฏู  ,2,0,0
56,ุฐูุจ ูุญุงุฑุจ ุฐูุจ ูุง ุงุฎุณ ูู ุงูููุจ ุงูุง ุฐููู ุชุฌูุนูู ุงูุฎูุงูู ูุงูุชุจุนูู ,1,0,0
57,ูุคุชูุฑ ุตุญุงูู ูุฌูุน ูุฒูุฑ ุงูุฎุงุฑุฌูุฉ ุฌุจุฑุงู ุจุงุณูู ูุงูุงููู ุงูุนุงู ูุฌุงูุนุฉ ุงูุฏูู ุงูุนุฑุจูุฉ ุฃุญูุฏ ุงุจู ุงูุบูุท ูุนุฑุถ ูุชุงุฆุฌ ุงุฌุชูุงุน ุงููุฌูุฉ,2,2,2
58,ููููู ุณูุฑูุง ุฏููุฉ ูุงุฆูุฉ ุชุณุชุนูุฏ ุนุงููุชูุง ูููุชูุง ุจุณุฑุนุฉ ุฑุบู ุนู ุฃููู ูุง ุจูู ุณููุงู,2,0,0
59,ุฌุจุฑุงู ุจุงุณูู ูุญุงูู ูููู,2,2,2
60,ุฌุจุฑุงู ุจุงุณูู ูุตุฏู ุนู ูุญูู ุงูุดุจุงุจ,2,2,1
61,ููู ููุง ูุณุฏ ุจูุฒู ูุนููู ูุฌุงุณูุณ ููุฌุฑู ุจุฏู ุดุฏ ุดุนุฑ ูุดุงูุจ,1,1,1
62,ูููู ุงูุงููุง ูุณููุง ูุจุดุงุฑ ุงูุฃุณุฏ ูุง ุนูุจ ุงูุดูู ุนููู ุงูุช ุนููู ุตุบูุฑ ูุฑุงุญ ุจุชุถู ุนููู ูุตุบูุฑ ,1,0,0
63,ุงูู ุจุบู ูุงูุช ุจูู ุฌูุจุงุท ููุฌูุฏูู ุงูุชู ุจุบุงู ุจุฌุฏุงุฑุฉ ูุงูุชู ูููู ุงููุชูุฉ ูุจูู ููุจ ุงุตูู ุงููุฑูู ูุง ููุง ,0,0,0
64,ุฌุจุฑุงู ุจุงุณูู ูุชุฎูู ุนูููุงู,1,2,2
65,ูุนูู ูุง ุงูุฐุจ ููู ุงูุง ุฌุฑูุฏุฉ ุงูุฃุฎุจุงุฑ ุฎุฑุงุณ ุนูุฏ ูุงุงูุตุจุญ ,1,1,1
66,ูู ุดุฎุต ุฑููุจ ุจุญู ูุนูู ูุง ุจุนุฑู ููู ูุง ุญุฏุง ููุชุดููุง ูู ูุจู,2,2,2
67,ููู ููุง ููู ูุง ููุช ุชููู ุจุชุณูู ุตุฑูุงูุฉ,1,1,1
68,ูุณุงูู ุญุตุงูู ูุญุณูุง ูุนูุช ูุทุฑ ูุชูุบู ูุฑูุฒ ุงูุฃุจุญุงุซ ูุง ูุฑุญุจุง ุจูู ุงูุชู ููุง ุชุณุชุงูููู ุงู ุนูู ููู ูุงูุฑูู ุงููุนุฑูู ,1,2,0
69,ุงููุฒูุฑ ุฌุจุฑุงู ุจุงุณูู ูุงู ุงูู ูู ุทุฑุญ ููุถูุน ุนูุฏุชูู ุงูู ุจูุฏูู ููุณ ุงูุทูุงูุงู ูู ูููู ุนูุตุฑูุ ูุนุชุจุฑุง ุงู ุงูุฌููุน ูุงุญูุงู ุงูุชููุง ุนูู ุงโฆ,2,2,2
70,ูุง ุชุฌุญุด ูุญุณูุจู ุงุฌุญุด ุฎุฎุฎุฎุฎ,1,0,1
71,ููููู ููู ุนุฑูุชู,2,1,1
72,ุงููุถุทุฑุจ ููุณูุงู ุฌุจุฑุงู ุจุงุณูู,2,2,2
73,ููุงุจ ูููุณุฌู ูุฐุง ุงููุฌุฑู ,2,2,2
74,ุงูุช ูุง ุณุงุฑู ุดู ูููุฑ ูุง ููุนุฑู ููู ุณุฑููุง ุงููุตุงุฑู ู ุงููุณุช ุงูุดุฑูุฉ ุฑูุญ ุดูู ูุณุงุฏู ุงูุช ูู ููู ูุนู ูู ,2,1,1
75,ุงูุฅูุฌุงุฒุงุช ูููู ุญูู ุนูุง ุงููุฒูุฑ ุงูู ุนูููุง ุจุชุถููู ูุจูุงู ููุจุฑุต,2,2,2
76,ูุญู ูููููููู ููุณูุง ุงูุนุฑุจ ุงุนูุฐ ุจุงููู ูู ุงุตูู ุงูุนุฑุจ ููู ุงูุนุฑุจ ุฌุฑุจ,0,0,0
77,ุงุฌุง ุบุตุจู ุนู ุฃููููู ูุงุณุชูุจูุชูู ,2,1,1
78,ููู ูุฆุงู ููุงุจ ูุฃุฒู ูุฎุงูุฉ ุงูุฑุฆูุณ ูุดูู ุดู ุนู ุชุญูู ููู ุนูุจ ุนูุจ ูุจุงุฑุญ ุดูุช ุจู ุดู ุชุจุฑุนุช ูุง ุนูุจ ุจุดูู ุนููู ุฎูุตูุง ุงูุช ูุงุฒู ุชุชุญุงุณุจ ,2,2,0
79,ูุทุฑ ุดูุช ุงูุญุฑุจ ุนูู ุงูููู ูุทุฑ ุฃุฎุฑุฌุช ุณูุฑูุง ูู ุงูุฌุงูุนุฉ ุงูุนุฑุจูุฉ ูุทุฑ ุจูุฏ ุงูููุดุง ููุฏุงุนูุฉ ูุญูุฏ ุจู ุนุจุฏ ุงูููุงุจ,2,0,0
80,ุตุฏู ูู ูุงู ูุฐุง ุฒูุงู ุงูุฏุนุงุฑุฉ ูุฏ ุชูุงูู ,1,2,2
81,ุดุงุฑู ูููุตู ุนููุฑุฉ ุนุงูุด ุจูููุจ ุชุงูู,2,1,1
82,ุงูุงุตููุฉ ูุงูุช ุณุงูุฑ ูุฃูุช ูุณุช ุดุฌุฑุฉ ุนูู ูุง ุงุฐูุฑ,2,2,2
83,ููู ูุชู ุงูุดููุฏ ูุณุงู ุงูุญุณู ููู ููุณูู ุฌููุฉ ุงูุจูู ููู ุญุถุฑุชู ูุนูู ุจุฒูุงุฑูู ,2,2,0
84,ููู ุชุนุชูุฏ ูุชู ูุง ุจุฏู ุจุณ ุงููุนุฑูู ููู ุงูุนุงูู ุจุชุนุฑูู ุงูู ุณุนุฏ ูุจููุฉ ูู ุงูููุชู ,1,2,1
85,ุดููุชู ูุจุณูุท ุจ ุงูููุงู ุนู ุงูุนูุงุฏ ุนุซูุงู ูุงูุญุฑูุฑู ูุบูุฑู ูุชู ุดู ููุฏ ุตุบูุฑ ุญุงุทุช ุนููู ุจ ุตูุฏูู ุงููุฑุฌู ููุง ุนู ูุชโฆ ,2,2,0
86,ุฑูุญู ุฌูุจู ุดุฑูู ูู ูุธุงู ุงูุฃุณุฏ ูุง ุนุฌูุฒ,1,0,0
87,ุงูุช ูุงูุงุฑุณ ูุง ูุงุทู ูุง ุฑุงูุถู ูุง ูุฌูุณู ุงูุนุฑุจ ูุงูุจุฏูู ุงูุดุฑู ููู ูุง ุนุฏูู ุงูุดุฑู,0,0,0
88,ุฌุจุฑุงู ุจุงุณูู ุนููู ุงููุนูุฉ,1,2,2
89,ุฎูููู ุจุฒููุง ุน ุจุนุถูู ุน ุงุณุงุณ ุงูุช ููุฒู ูุง ุนูุตุฑู ุงุฐุง ุจุฏู ุชูุดูุฑ ุน ุญุณุงุจ ุงูุงูุฉ ุงููุงุณ ูู ุงูุณุนูุฏูุฉ ููุดุนุจ ุงูููุณุทููู ููุช ุงูุชุตููุช ุจุขุฑุงุจ ุฃูุฏูู ูุบูุฑู ูุฎุจุฑูุง ูู ุญุฐูุช ุชุบุฑูุฏุงุชู ุถุฏ ุจุงุณูู ููุช ุญูู ุนู ุงูุฑุฆูุณ ุจุฑู   ููุฏู ูุด ุญุฑูุฉ ุงุนูุงู   ููุฏู ุงููููุฉ ูู ุญููุช ุน,1,0,0
90,ุงุจูุฌูู ุนู ุงูุฑุณูู ูุง ุญูุงุงุงุงุงุงุงุฑ ูุง ูุซูู ููุทุน ุนูุฑู ุฑูุญ ุฅูุบู ุตูุญุชู ููุงุนุงุฏ ุชุดููู ูุง ุจููู ูุงูู ูุนูุง ูุฒูุช,1,0,0
91,ููุงููู ุงูุฅุนูุงู ููุง ุจุชุตูุฑ ุญุฑูุฉ ุงูุฑุฃู ู ุงูุชุนุจูุฑ ู ูููุฉ ุงูุตุญุงูุฉ ู ุงูุฅุนูุงู ูุฑุงุฏู ูุญุฑูุฉ ุงูุดุชููุฉ ู ุชุดููู ุงูุญูุงุฆู ู ุงูุญูู,2,2,2
92,ุงูุญูู ุตุงุฑ ุฅุณูู ูุฏุนูุณ ุจุงุณูู,1,2,2
93,ุฎูู ุจุนูุฏ ูุง ููุจ ุญุณู ุนููุข ุงุญูุงุฑ ุญุณู ูุงู ุงูููุจ ูุฑูุจ ุงูุญูุงุฑ ูุงุชุชุทูู ุนูู ุงุฏุฑูุฒ ูุง ุงูุนููู ,1,0,0
94,ุงูุง ููู ุงูุช ุจุฏู ุชูุงูุด ููุฑุฉ ููุง ุดุฎุต ูุนูุง ุงูู ููุงุชุฌู ุจููู,0,2,2
95,ูุทููุง ูุญุชุงุฌ ุงูู ูู ูุดุจู ุตุฏุงู ุญุณูู ูุงููุง ุดุนุจ ูุง ุชููู ุจู ุงูุฏูููุฑุงุทูุฉ ,2,0,2
96,ุทูุน ุงุฐูู ูู ููุดุงู ุนูู ู ุฌุจุฑุงู ุจุงุณูู ูุฌุชูุนูู ุ ุงูุง ูุนู ูุฑุฆุงุณุฉ ุงูุฌูููุฑูุฉ ููููุช      ,2,2,2
97,ููู ููุง ุจุชุฑุชุงุญ,1,1,1
98,ูู ุญุฏ ุฌุงุจ ุณูุฑุชู ููุง ูุงุฒู ุชุจูุณ ุงูุฌุฒู ู ุชุนูุด ุฑุงูุน ุญุชู ูู ุนุงูุด ูู ูุทุฑ ููุง ุจูุฏูู ุงุญุณุงู ููุง ูุฑุชุจ ,1,0,0
99,ุฃูุฑ ุนูููุงุช ุงูููู ุฌุจุฑุงู ุจุงุณูู ูููุฐ ุงูุงูุฑ ุงูููุงูุงุช ุงููุชุญุฏุฉ ูุฅุณุฑุงุฆูู ููุฑูุฏ ุชุบููุฑ ุนููุฏุฉ ุงูุฌูุด,2,2,2
100,ูุฑุญุงู ุฃูููู ููุจูุ ุงูุช ููู ูููุฑ ุญุงูู ูุง ุนููู ุจุดุงุฑ ุงูููุจ ูุง ุจู ุญุฑุจ ุทูุน ููุณู ู ูุง ุจูุณูู ุจูููุช ููู ุจุฏู ,1,2,1
101,ุจุนุฏ ุชุฃููุฏู ุฃู ูุง ุฎูุงู ุฅูุฏููููุฌู ูุน ุงุณุฑุงุฆููุ ูุฒูุฑ ุฎุงุฑุฌูุฉ ุงูุนูุฏ ุงูููู ุฌุจุฑุงู ุจุงุณูู ูุคููุฏ ูู ููุงุจูุฉ ูุน ููุงุฉ ุณูุฅูุฅู ุฃู ุฃููโฆ,2,2,2
102,ูุจูุง ุงูู ุทูุนุชู ุชุงุจุนุฉ ูุญุฒุจ ุฑูุญู ุญุงุณุจู ุฌุจุฑุงู ุจุงุณูู ูุงููุณุงุฏ ูุงูุณุฑูุงุช ,2,2,2
103,ุงูุนูููู ููุงุจ ุจุฏูู ุนุธู ูุง ุจูู ุนูุจูุนูู ูุซู ุงูููุงุจ ุงูุฌุฑุจุงูู,0,0,0
104,ูุงููุฎูููุฉ ููุด ุญูุงุฑุฉ ูููุฏ ุจุฏูุง ุชุญูู ุณูุงุณุฉ ู ูู ุบุจูุฉ ูุง ุงููู ุตุจุฑูู,1,1,1
105,ุทูุจ ููู ุฅุญุชุฑุงูู ูููุถุงุกุ ููุฑุง ุนูู ุงูุณุฌู ูุดู ุณุจุจ ุชููู ูุฌููู ุงููููู ุนูู ุงูุดูุฎ ุณุนุฏุ ุณุจุญุงู ุงููู ูุฌุฃุฉ ุฅูุชุทูุฃุช ูุญุฑูุงุช ุงูุชุนุฏู ,2,2,2
106,ูุจูุงู ุนููู ุงูุนุงูู ููู ููุชููุณ ุน ูุฒูุฑ ุจุงูุฒุงูุฏ ุญุชู ูู ูุฑุท ุงูุจูุฏ,2,2,0
107,ุนูุฏูุง ูุตุจุญ ุงููุถุงุก ูุณุชููุง ููู ูุชุจุน ูู ุฎูุงู ุณูุงุณู ูุชุนูููู ูู ุงูุฌุณู ุงููุถุงุฆู ูููู ุฃู ูุชุฎูุต ูู  ,2,2,2
108,ูุชู ูุญุงููุฉ ุชุณููู ููุฑุฉ ุงู ุชุนุทูู ุงูุญูููุฉ ูู ุจุฃูุฑ ุฎุงุฑุฌู ุนูู ูุฐุง ุงูููุทู ูุนูู ุงู ุฌุจุฑุงู ุจุงุณูู ูููุฐ ุงูุงูุฑ ุงูุฎุงุฑุฌ  ,2,2,2
109,ุณูุงุญุฉ ุดูุฎ ุนูู ุงูุทุงุฆูุฉ ุงูุฏุฑุฒูุฉ   ุงูุดูุฎ ูุนูู ุญุณู ูุงุฎุฑุณ ูุง ุงููุง ุงูุจุฑููู ,1,0,0
110,ุงููู ุนููู ูุง ุฑููุงูุฏ ุดู ููุถูู ุถูุนุงูู ุชููู ููุงุชุฌู ูุง ุตุฏููู ุงูุนุฒูุฒ ,2,0,0
111,ูุฐุง ุดูุฎ ุงูุจูุงุท ุงูุฌูุจูุงุทู ูุณุฎูุฑ ุถููุฑู ูููุฐุจ ุนูู ุฏูููุง ููููู ุจุงูุชุบุทูู ุนูู ุฒูุฏูู ูุงูุซ ูุฏูููุง   ููู ููุจ ููุญูุงุฆู ุงูุฏุงูุบู ,1,0,0
112,ุจุฏู ูุง ุฅูู ุฅูุง ุชูุฐุจ ุนู ุฌุจุฑุงู ุจุงุณูู,2,2,2
113,ูุง ูู ุฏูุููุงูุงูุง ูุงุถุญุฉ ุจุณ ูู ููุงูุง ูุด ูุธููุฉ ุนู ุชุญุท ููููุงุช ุฏุฑุฒูุฉ ุฑุงุณ ุญุฑุจุฉ ุจูุนุจุชูุง ุถุฏ ูุฑุฌุนูุงโฆ ,2,2,2
114,ููู ุดูุชู ุงุฎูุฉ ูุงุฌุญูู ุจููุงุฆุชู ููุง ุนุฌุจู ุจุณ ูุง ุดูุชู ุงูู ููุฏู ุงูู ูุจุชุฑุงุฉ ุจููุฌุญ ูููุง ูุณูุญ ,2,2,0
115,ูุง ูุทูู ูุง ุงุฒูุฎู,1,1,1
116,ุงููุฐุฉ ุงูู ูุงูุญููููู ูุง ุจููุถุญูุง ุจุนุถู ุจุงูุณุฑูุฉ ูุงููุณุงุฏ ุงูุง ููุง ูุฏุจูููุง ูุน ุจุนุถ,2,2,0
117,ุตุงุฑ ูู ููุจ ุนููู ุจุฏู ููุดูุฑ ุนูู ุชููุชุฑ  ุจูุชุทุงูู ุนูู ุชุงุฌ ุฑุงุณู ูููุฏ ุจูู ุฌูุจูุงุท ูุงู ุจูุนุฑู ุญุชู ูู ุชุนูู ุนูู ุดุฑูุท ุตุจุงุทู ุจููุจุฑ . ูู ุชุญุช ุญุฐุงุฆู ูุจุฏุคูู ูุณูุฑุงุชูู,0,1,0
118,ุดุนูุฑู ุฃูู ูุจูุงูู ุงุฌุฏุจ,2,0,0
119,ููู ูุง ุญุจ ูุจู ูุง ุชููู ุงูููุถูุน ูุง ุจุญููู ุชุญูู ูุงุฐุง ุญุงุจุจ ุชุนุฑู ุชูุงุตูู ููู ุชุณุฃู ,2,2,1
120,ุงููุง ุงูููููุงุก ุงููุจูุงููุฉ ููุจูุงู ุงุตุจุญ ูุงูููููุงุก ุงููุญูุทุฉ ุชุญูู ุงูุชุงุฑูุฎ ูููู ุจุฏูู ุญูุงุฉ ,2,2,0
121,ุตุงุฑ ุจุงููุฑุจุน ุงูุฃููู ูุงูุณุญู   ,2,2,2
122,ูุงููู ูุงูุนุงูู ุงููุฒูุฑ ุงูููุฆู ุงูุชุงููู ุจุชุธุจุท ุงูุชุฑ ,2,0,0
123,ูุญุชุงุญ ุดุนุจ ุฌุฏูุฏ ,2,2,2
124, ูุฑุญู ุฌุฏู ูุงู ูุบุฑุฏ ุน ุงูุณุฌุฑุฉ,2,1,1
125,ุฅุฐุง ุฅุชุนุฏู ุนูู ุฃููุงู ุงูููุฑูู ุฃูุชู ุชุนุฏูุช ุนูู ูุจูุงู ูุง ุนูุงุฑูุช ,1,0,0
126,ูู ูุฆุฉ ูู ุงููุงุณ ููุง ุชุญูู ุจุงูุณูุงุณุฉุ ุงู ุฑุฆูุณ ูู ููู ูุฌุฑู ูุงุชู ูุฎุชูุณ ูุตุงุจ ูุงุณุฏ ุงูููู ุงูู ูุคูุฏ ูููุถูุฉ ุงูููุณุทูููุฉ ููู ุจุงูููุงู,2,2,2
127,ุฌุจุฑุงู ุจุงุณูู ูุงูุฆ ุงูุฏููุง ูุดุงุบู ุงููุงุณ,2,2,2
128,ูู ุจุชุญููุฏ ููุช ุจุชุฑุชุงุญ ูุจุชุฑููุญ,2,2,1
129,ุนููุฑุฉ ูุฌุน ุนููู ุนููู ูุงูููู ูุน ูุธุงู ูุงุณุฏ ุชุถุฑุจู ุจูุงูููุธุฑ ููุงุจ ุฌุญุงุด,1,0,0
130,ุฅุนูุงู ุงูููุฉ ุงูุนุฑุจูุฉ ุงูุชููููุฉ ูุนูู ุฃู ุงูุชุฑุงุญุง ูุจูุงููุง ูููุง ุณููุฑ ูู ุดุฃู ุฃุฒูุฉ ุงููุงุฒุญูู ูุงููุงุฌุฆูู ุณูุฐูุนู ูุฒูุฑ ุงูุฎุงุฑุฌูุฉ ุฌุจุฑุงู ุจุงุณูู,2,2,2
131,ุงุจู ุงูููุจ ุฑุญ ูุธู ุงุจู ููุจ ุณูุงุก ูุงู ูุซูู ุฃู ุนุงุฏู ุงูุจุญุซ ุนู ุงููุดุชุฑู ููุงุท ุงูุชูุงูู ุชูุญูุฏ ุงูุตู ูุณุจู ููุซูู,1,2,0
132,ูุนุงููู ูุนูุฏ ุนุงูุตุฑุงูู ุตุงุฑ ุจุฏู ุชุญูู ุจุงูุณูุฏุงุช ู ุงูุงุณุชุซูุงุฑ ุฎููู ูุง ุชุนุฑู ุงุฑูุญูู ,1,2,1
133,ุงูุณููู ุชุงุฌ ุฑุงุณู ู ููุจ,1,0,1
134,ุงุฎ ุงูุญูุฏุงููู ุฎุณุฑูุง ุงูููุงุจ  ููุง ูููู ููุช ุจุณูุงู,0,0,0
135,ุฌุจุฑุงู ุจุงุณูู ูุนุชูู,1,2,2
136,ูุงุนูู ุงู ุงูุนุฏูุฏ ูู ุงููุจูุงูููู ูุนูููู ูููุงูุงุฑุฌูู ุนุงุฏู ูู ุดุฆุช ุงูุง ูุจูุงู ุงูุฑุณูู ููุง ูุณุชุทูุน ูุนุงุฏุงุฉ ุงุญุฏ ุณูู ุงูููุงู ุงูุตููููู ,2,2,0
137,ูุง ูููุงู ุงูุฏููุฉ ูุด ุนู ุชุฃูู ููููุงุทู ุงููุจู ,2,2,0
138,ููุง ุนุฒุงุก ููููุงุจ ,2,2,2
139,ูุง ุงุจู ุงููููุท ุงุจู ุงู ุณููู ุงููุฐุฑ ุงูุช ููุนููู ุงูุฎูุฒูุฑ ุงุจู ุณููุงู ุงูููุดุงุฑ ุงููุชุนุงูู ูุน ุงููููโฆ,0,1,0
140,ูู ููููุฏู ุงูุดูุฎ ุณุนุฏ ,2,2,2
141,ูุฑุจุงู ูู ุงูุนุฏุงูุฉ ุจุฏูุง ูุญุงุถุฑ ุจุงูุนูุฉ ,2,2,2
142,ูุง ููุฌุฏ ุซูุงุจุช ููุฌุฏ ูุตุงูุญ ุฃูุช ุนุฑุงูู ูุชุนูุด ูู ุฃูุฑููุง ูู ุฃุฌู ูุตูุญุชู ููุง ุจุงูู ุจุฏูู ,2,2,2
143,ููุฏุง ุชุฏุฎู ุจุงูุดุคูู ุงููุจูุงููุฉ ูุง ุจูููู ุนุงูู ููููุดูุง ุจุฃุฑุถูุง ููุญุชููุง ,2,2,0
144,ุทูุฑ ููุนู ูุง ุนููู ูุง ููุชู ูุง ุตุบูุฑ ู ุฌูุช ุงููุฑ ูุทุฑ ุจููุนู ููุงุญุธุฉ ุฌูุช ุจุงููุทุฑู ูุนูู ุตุฑูุงูุฉ ,1,0,0
145,ู ุฌุจุฑุงู ุจุงุณูู ูุง ุงุณุชููุฑ ุ ุงู ูุนู ุญู ูู ุฎูุงูุฉ,2,2,2
146,ุจูุญูุฏ ุงูุฑุฆูุณ ููุดุงู ุนูู ูุงููุฒูุฑ ุงูููู ุฌุจุฑุงู ุจุงุณูู ุณูุณุชุนูุฏ ูุจูุงู ูููุนู ูุนุงููุชู ูููุถุชู ุฑุบู ูู ุงูุนุฑุงููู ูุงููุนุฑูููู ุงููุงุณุฏูู,2,2,0
147,ููุนู ุงุฎุช ุงูุนุณูุฑ ุนุฑุต ุฅุฐุง ูุง ุจูุฌู ูู ูุฑุงูู ุฅูุง ุฏูุงุฑ ุงูุจูุฏุงู,1,0,0
148,ุญุชู ูู ุงุฌุชูุน ุฌุจุฑุงู ุจุงุณูู ุจ ูุชููุงูู ุญุฒุจ ุงููู ุณูุตูุช ู ุงูุญุฒุจ ูุง ูุณุชุทูุน ุงุฒุนุงุฌ ุจุงุณูู ูุงูู ุจุญุงุฌุฉ ูุบุทุงุก ูุณูุญู ูุดุฑุนโฆ,2,2,2
149,ูุงููู ูุงูู ุงูุจู ููู ,1,1,1
150,ููู ุฅูุช ููู ูุง ุญุดุฑุฉ ูุญุชู ุชุดุจู ุญุงูู ููุนููุงู ูุงุฑุณูู ุบุงูู,1,1,1
151,ูุณูุช ุชููู ุงูุดููุฏ ,2,2,2
152,ูุงูุช ุจูู ุดู ุจุชุดุฑุจ ูุง ุจุนูุฑ,1,1,1
153,ูุฌุฑู ุงุฑูุงุจู ููุงุฏูู ุจู ุงููุฑูุง ููู ุงูุฌู ุตูุต ูููู ุงููุงู ุงูุญุฑุงู ููู ุงูุนุงูู ุฑูู ุงููุชู ูุงููุชู ูุงูุชุฎุฑูุจ ุงูู ุฒูุงู ูุฑูุจุง ,1,2,0
154,ุงูุชู ุดู ุฏุฎููู ูุง ูุงุฌุฆูู ููู ููุง ุงุญุณููู ุตุฑูุงูุฉ ุฎุฑูุจูู ุจุชุณูู ููุชุฎุจู ููู,0,0,1
155,ุนูู ุงูุฃูู ุฏุญูุงู ุจุงูููุงูุฉุนุฑุจู ูุญ ูููุณ ุงุณุฑุงุฆููู ููุง ุฒููุชูู ุนุฒูู   ,2,0,0
156,ุดู ูุงูุฎุฑู ุงูุช ุชุถุฑุจ ููู ูุจู ููู ุจุดุฏ ุนุง ูุดุฏู ูุงุญุฏ ูุญุชุงู ุญูู ููุฑู ,1,1,1
157,ูุฑูุฏ ููุท ุฑุฌุงู ูุฏููู ูู ุงููุทููุฉ ูุญุณ ุงููุณุคูููุฉ ูุงุณุชุจุฏุงู ุทุจูุฉ ูุดูุช ุนูุฏ ูู ุงุณุชุญูุงู ูู โฆ ,2,2,2
158,ููุฉ ูุฏูุฑ ุฌุจุฑุงู ุจุงุณูู ูููุงูู ูุฌุงุญู ููุฒูุฑ ุฎุงุฑุฌูุฉ ูู ุงููุญุงูู ุงูุฏูููุฉ ููุฏูุงุน ุนู ูุจูุงู ูู ุงูุนุฏู ุงูุฅุณุฑุงุฆููู,2,2,2
159,ูุจู ูููู ุงูููุจูุฑ ุญุงูุธ ูุงุณุฑุงุฆูู ุชุถุฑุจ ุณูุฑูุง ุงูู ุงูููู ูุจุฏูู ุฑุฏ ุดู ุงูุณุจุจ ูุง ููุงุจ,2,2,0
160,ูู ุงูููููุดูุงุช ุชูุชูุช ุชุชูุงุฌู ุฌุจุฑุงู ุจุงุณูู ูุด ุบุฑูุจ ูุง ุญุฏุง ูุฏุฑ ููุงูู ุฏููู ูุญุงุฑุจ ุฌุจุฑุงู ูููุุ ููุงููู ุงูุฅุนูุงู,2,2,2
161,ุชูุธูู ูุชุงุจ ุนุฏู ูู ุซูุงุซ ุงุดูุงุก ุจุงููุชุงุฆุฌ ุงูุงุฎูุฑุฉ ูู ุบุฑุงูุณ ุนุตุงู ูุนููุ ุขูุงู ุนุตุงู ูุนูู ูุงููู ุนุตุงู ูุนูู,2,2,0
162,ุจุฏูุง ุตุฑูุงูุฉ ุชุณุฏ ููุนู ููุซูุฑ ุนููู ุงูุนูู ุดู ูุงุทู,1,1,0
163,ุฌุจุฑุงู ุจุงุณูู ูููุฑูุฉ ุงูุซุงููุฉ ุนูู ุงูุชูุงูู ููุฑ ุจุญู ุงุณุฑุงุฆูู ุจุงููุฌูุฏ ูุงูุฃูุงู,2,2,2
164,ุตุงุฏู ูุง ุฃุฎู ุงููุฑูู ุญุฒุจ ุงูุดูุงุทูู ูุงูุญูุฏูู ูุฑุทูุนุงู ูุฌูุงู ูุนููู ูุงุญุฏู ,1,2,0
165,ุงูุช ุนู ุชุญูู ุนูู ุงูุญู ,2,2,1
166,ูุทููุง ูุญุชุงุฌ ุงูู ุทุจูุฉ ุญุงููุฉ ุบูุฑ ูุงุณุฏุฉ ,2,2,2
167,ูู ุชุนูู ูุงุฐุง ูุชุจ ุนู ุนููุงุก ุงูุจุนุซ,2,2,2
168,ูุฏูุนุฉ ุจูุงุฆุฏุฉ ุนุงููุฉ ูู ูุตูุญุฉ ุงูุณูุงุณูู ุงููุฏ ููุณุฑูููุง ,2,2,2
169,ูุงูุฎุฑุงุจ ุงููู ูู ุงูููู ูุชูุณูู ุงูููู ูุชุดุฑูุฏ ุดุนุจู ูุชุฌููุน ุดุนุจู ูุงุญุชูุงู ุงูููุงูู ููู ูุด ุฎุฑุงุจ,2,0,0
170,ูุงู ุนู ููุงุฌููุง ุฌุจุฑุงู ุจุงุณูู,2,2,2
171,ูุฆุงู ููุงุจ ุงูุช ูุดุฑูุน ูุชูุฉ ุฏุฑุฒูุฉ ุฃูุช ูุง ูู ุชุชุบูู ุจุฏุฑุฒูุชู ูู ููู ุ ููู ุณูุญุช ูู ุฏุฑุฒูุชู ุงู ุชููู ุฑุฃุณ ุญุฑุจุฉ ูโฆ ,0,2,1
172,ุนููู ููุนูุช ูุญููุช ููู ูุฒุญุท ูุง ุจุฏู ุงุณูุน ููููู,1,1,1
173,ุทุฒ ุจููู ุนุฑุจ ุทุฒ ุจููู ุฏููุฉ ุชูู,0,0,0
174,ูุจุฑูู ูุจูุงู ุงุจุชุฏุงุกู ูู ูุงููููุฉ ุตุงุฑ ูู ุงูุชุฑูุช ุณูุจุฑ ุณุฑูุน ุจุจุนุถ ุงูููุงุทู ุจูุถู ุฅุทูุงู ูุดุฑูุน ุงูุฃููุงู ุงูุถูุฆูุฉ ูููุง ุนูุจุงู ูุง ูุตูุฑ ุนูุง ููุฑุจุง,2,0,2
175,ุงููุฏ ููุถูู ููุญุชุฑู,2,2,2
176,ููุงุญุฉ ููู ุนู ููุชุจ ูุฑุญ ูุชุญุฑูุฑ ุฅุฎูุงููุง ุงูุฃูุฑุงุฏ ุจุนูุฑูู ูู ุนุตุงุจุงุช ุงูู ูู ุฅูุง ุฌุงููุ ุฃู ุนูุฏู ุญูุฏ ุบูุฑ ุทุจูุนู ููุฃูุฑุงุฏ ูุจุฏู ูุณุชูุฒูู ุญุท ุจุงูุฎุฑุฌ,2,0,0
177,ุญุงูุธ ุงุจู ุงูุฌุญุด ุจุดุงุฑ ุงูุงุณุฏ ูุตู ุงูุณูุฑููู ุงููุนุงุฑุถูู ุจุงูุนููุงู ุฌุญุด ุฎูู ูุฑ,1,0,0
178,ู ุงููู ููู ูููู ุฌุจุฑุงู ุจุงุณูู ุฌุงูุทูู ุงูุชู ููุงู    ,2,1,1
179,ูุญุชุงุฌ ุงูู ูุณุคูููู ุฌุฏุฏ ูุงุฏุงุฑุฉ ุงููุทู ,2,2,2
180,ุดู ุจุชูุจููู ูููุฉ ุฎูุฒูุฑ ุจุชุฌู ููุตูู ุนูู ููุงุณู ูุดููู    ,1,1,1
181,ููุงููู ุงูุฅุนูุงู ููุถุฉ ุงูุนุตุฑ ููุท ูููุฌูู ุนูู ุงูุนูุฏ ูุนูู ุฌุจุฑุงู ุจุงุณูู,2,2,2
182,ูุซู ูุง ุณุนุงุฏุฉ ุงูุณููุฑ ูุจูู ุงูุนูุงูุงุช ุงูุณุนูุฏูู ุงููุจูุงููู,2,2,2
183,ูุงูุณู ุจุงููู ุงูู ูุจูุฑ ุงูููุงูููู ูู ูุทุฑ ุงููู ุฏูุฑุช ุณูุฑูุง ู ุงูุณุนูุฏูู ุจุชุนูู ุงูู ุจุงููุทู ุงูุนุฑุจู ุจุงููู ุนููู ูู  ,2,0,0
184,ูู ูุฌูุฒ ุฃู ูุชูุธููุง ูุจููุง ููุญูุง ูู ุณูุชูู ูุงุฌุญูู ูููููุน ุนูููุง ูุชูุธู ุจุณุจุจ ุทุงุฆูุชูุง ,2,2,2
185,ุงูุช ุญูุงุฑ ุจุงููุบุฉ ุงูุนุฑุจูุฉ ,1,1,1
186,ุงูุฏุนุณ ูู ูุงุชุจุงุน ุงูุตููููู ููุงุนูู ุงุญุฐูุชูู,1,0,0
187,ุฃูู ุงููุญุงุณุจุฉ ุงูููุงุจูุฉ,2,2,0
188,ุฏููุฉ ุงูุฑุกูุณ ุงูุดูุฎ ุณุนุฏ ุงูุญุฑูุฑู ุชุงุฌ ุฑุฃุณู ูุงุดุฑู ููู ููู ุนููุชู ููู ุงูู ุฎููู ,2,0,0
189,ูุฎููููุง ูุงู ูุง ุฑุจ ,2,1,0
190,ูุง ูุญูู ุงููุทููุงุช ูุฏุงู ุงูุง ููุงู ูุฑูุฉ ุฑุงุจุนุฉ ูู,2,0,0
191,ููุง ูุญูุณู ุจูุดู ุชุนููู ,1,0,1
192,ูุงู ุฑุณูู ุงููู ุตูู ุงููู ุนููู ูุณูู ูู ุณุจ ุฃุตุญุงุจู ูุนููู ูุนูุฉ ุงููู ูุงูููุงุฆูุฉ ูุงููุงุณ ุฃุฌูุนููุ ูุง ููุจู ุงููู ููู ุตุฑูุง ููุง ุนุฏูุง,2,2,0
193,ุงูุญุจ ุงูุญูููู ูู ููุง ุชูุชุจูู ุชููู ุจููุจู ุชูุจุฑูู ูุงูุถุญูุฉ,2,1,1
194,ุนุดุงูู ุญูุงุฑุฉ,1,1,1
195,ุฃูุชูุง ุงููุตุฑุงููุฉ ุงูุจุดุนุฉ ุงููุจูุญุฉ ูุงูุฏุฉ ุงูุฃููุซุฉ ูุงูุฌูุงู ูุงูุฃุฎูุงู ุฃูุชู ูุตุงุจุฉ ุจุฏุงุก ุฌููู ุงูุนุธูุฉ ุชุธููู ุฃู ูุง ุฃุญุฏ ูููู ูู ุงูุฅุนูุงู ุฅูุง ุฃูุชู ูุชุธููู ุฃู ูุง ููุฌุฏ ููุงุฉ ุฅูุง ุฎูุฒูุฑุชู ูุจุฅููุงู ุฎูุฒูุฑุชู ูุฒ ุงูุฏูู ูุงุณุชูุฑุงุฑูุง  ุดู ูุงูููู ูุซู ุจูุฏู ูุจูุงู ูุบุชุตุจ ูู ุฅูุฑุงู ุนุจุฑ ุญุฒุจ ุงููู  ูุง ุจุดุนุฉ,0,0,0
196,ููู ุจููุฑู ูู ุงูุนุฑุจ ูุง ุจูุฑู ูุงูููุงุก ููุชููุงู ุงูุฅูุฑุงูู ,2,0,0
197,ููุงููู ุงูุฅุนูุงู ุฅุฐุง ูุง ุฐูุฑูุง ุฌุจุฑุงู ุจุงุณูู ุจูู ุฃุฎุจุงุฑู ูุจุฑุงูุฌู ูุง ุญุฏุง ุจูุญุถุฑู  ,2,2,2
198,ูู ููุฌุฏ ุงูุณุงู ุจูุงูู ููุงู ุงููุทููุฉ ูุชููู ุจูุฐุง ุงูุดููุ,2,2,2
199,ูุนูุฏู ูุฐูุนุฉ ุงูุฃุฎุจุงุฑ ูููู ุงูููู ูุนููุฑุฉ ุดูุงูุง ุจุงูุทุฑูุจุฉ ููุงุฒู ููุณูููู,1,2,0
200,ูุจุดุฑ ุงูุตุงุจุฑูู ุจุงููุฑุฌ ,2,0,2
201,ู ุตุจุงุญ ุงูุฅุณุชูููุฐ ุงูุดุฑูู ุงููุญูุฏ ู ุงูุฃุตูู ,2,2,2
202,ููุตู ุงูู ุฏููุฉ ูุญูููุง ุงููุงููู ูุงูุนุฏุงูุฉ ูุฌุจ ุฑูุน ุงูุบุทุงุก ุนู ุงููุงุณุฏูู ,2,2,2
203,ุนูู ุฃุณุงุณ ุงูู ุงูุช ูู ุฏุงุนููู ุงูุณูู ูุงูุณูุงู ูู ุงูููุทูุฉ   ุงูุช ูุงุญุฏ ูุงุทู ุจุชุฏุนู ูุงุญุฏ ุฃูุทู ููู,1,2,2
204,ุดู ุงุฎุจุงุฑ ููุดุงุฑ ุงูุฎุงุดูุฌู ูุง ุฏููููุฑุงุทููู ,2,0,0
205,ุดู ูุง ุนููุช ูุดู ูุง ุญููุช ู ูุฏ ูุง ุนููุช ููุจุญุช ูุฌุนุฑุช ููุฒูู ูุฑู ูุง ุญุฏุง ุฑุญ ูุฑุฏ ุนููู   ,1,1,1
206,ุงููู ูููู ูุงูุทุงุฆูุฉ ููุจุงุฑู ุจุฑุฌุงููุง ุงูุฃุญุฑุงุฑ ููุดุงูุฎูุง ุงูู ููุดูู ุญุงููุง ูููู ูุทูู ุนูุฑู ูุนูุฑู ูุนุงูู ุงููุฒูุฑ ,2,0,0
207,ููุงุจ ูุจูุงู ุฃุญูุฑ ูู ุงููููุฏ ูุงุดุฑู ููุงูุฑุคุฉ ููุงุฏูู ุงุณุชุจูููู ุงูุดุนุจ ุงูุณูุฑู ููู ููุชู ููุงุจ ูุงุฌุฆุฉ ูุงุฆูุฉ ูู  ุนุฑุณุงู ูุฑุฏูุชู ุงูุฌููู ุจุงูุฑุตุงุต ุนุจูุฏ ุงููุฌูุณ ูุงูุชุฑู,0,0,0
208,ูุฏูู ุฌุฏูุฏ ููุฒู ุฌุจุฑุงู ุจุงุณูู ูุตู ูุจูู ุจุฑู ุจูุจุฑุนูุช ูุจุฏู ููุณุฑู ุฑุงุณู,1,2,0
209,ุงุฏูุด ุจุชุงุฎุฏ ุนุงูุชููุช ,2,2,0
210,ูููุฏู ุตูุฑุฉ ููุญุจุงูุจ ูููู ุฌุงูุทููู ุตุจุญ ูุธูุฑ ููุณุง ,2,1,0
211,ูุชูู ุงููุฌุฏ ูุฏูุน ููู ูููุงุฑุฏููุงุฑ ูุงุฎุฑุชูุง ุชุญุทูู ุตูุฑุชู ูุชูุชุจูู ุชููู ุงูุนูุฒ  ูุงููู ุญู ุงุฎุฐุชู ุงูููโฆ ,2,0,0
212,ุบุฑูุจ ุงูู ุฎุทุฑูู ุงูุณุคุงู ูุน ุงูู ุนููู ุฌุฏุง ููุบุงูุฉ,2,2,2
213,ูุง ุฑูุช ูุตู ุงูุณูุงุณููู ูู ูุจูุงู ุจูุญููุง ูุซู ุฌุจุฑุงู ุจุงุณูู,2,2,2
214,ูุง ุญุฑุงู ูุง ูุงุฑู ูุฒูู ููู,2,1,0
215,ูุนูุง ุงูู ูุฐู ูุญููุฑ ,1,2,1
216,ุงููู ููููู ,2,1,1
217,ููู ุนูู ุงููููู ูุดุงู ุถุฑุจ ุงููุณุชุซูุฑ ูุงุณุชูุทุงุจ ุงููุณุชุซูุฑูู ุทุฒ ุจููู ุญูููุงุช,1,0,0
218,ุงูุช ุจุชุทูุน ุงููููุงุช ูู ุทูุฒู ูุจุชุตููุง ูุฑุง ุจุนุถ ุงุนุชุจุงุทูุง ุงูููุชุฑ ุขุฎุฐ ุนููู ุงูุฎุฑุง,1,1,1
219,ูุด ุฏุงููุงู ุงูููุงุฏ ุจูุดุจููุง ุฃูููู ูุฃู ุฃููุงุช ุจุดูู ุฃููุงุช ุดูุงูู ุฏุงูุดูู ูููุงุฏู ุดูุงูู ูุณุญ ๐ ,2,2,0
220,ุฏูุดู ูุงูุช ููุง ุชุฒุงู  ุฏูุดู ุนูุฑ ุจู ุนุจุฏ ุงูุนุฒูุฒ ุฑุถู ุงููู ุนูู ,2,2,2
221,ุชุดุจู ุงููููุฏ,0,2,2
222,ุงููุตุงู ,2,2,2
223,ุนู ุฃู ุฏููุฉ ุนู ุชุญููุุ ุนู ุนูุฏ ุงูุชุจุนูุฉ ูุงููุดู ูุงูุฌุฑุงุฆู ูุงููุณุงุฏ ูุงูุตููุงุช ูููู ุนุญุณุงุจ ูู ุงูููุงุทููู ุ ุงูุนูุฏ ููโฆ ,2,2,0
224,ูุนููู ุงููุณุงุฏ ูู ุฑุฃุณ ุงููุฑู ุงูุจูุฏ ูููุง ูุณุงุฏ ุดู ูููุช ุนูู ููุฏู ุงููุฎุงููุฉ ุจุณ ุงูุงูู ุงูู ุงูุนูุฏ ููู ,2,0,0
225,ุฃุญู ุงูู ุฒูู ููุง ููุง ุงุฐุง ุงุดุชุฑููุง ุฌููุฒ ูุทูุน ูู ุฎูุท ููุณูู ูุฑุฌุนูู ูุงู ููุฌูุจ ุงููุตุฑูุงุช ูููู ููู ูุง ูููุจู ููุจุณูุง ุงุฐุง ูุด ุขููู ุงูููุจ ๐,2,0,0
226,ุจุนูุฑู ุงูุณูุฑู ูุง ุฑุญ ูููู ูู ุฎูุฑ ููุงูุจูุฏ ููู ูุชุญููุจู ูุฒูุญ ููููููู ุณูุฑู ููุง ุจูุฏ ุจุงูุนุงูู ุงุณุชูุจู ูุงูุนุฏุฏ ูุณุจุฉ ูุญุฌูู ูุชุญูู ูุง ุชุญูู ุชุจุนุงุช ุงูุชุตุงุฏูุฉ ูุฃูููุฉ ูุจูุฌู ูุงุฆุจ ุณูุฑู ุฌุฑุจุงู ุจุฏู ูุง ูุดูุฑ ูุจูุงู ุจููู ูุจูุงู ุงุณุชูุงุฏ ูู ุฃุฒูุฉ ุงููุงุฒุญูู! ุทูู ุนูุฑูู ูุฑุญ ุชุจููุง ูุฌุณูู,0,0,0
227,ุจุฏู ูุงุฎุฏ ุฑุถุง ุงูููุจ ุจุดุงุฑ ุญุชู ููุฑุซ ุนูู ุจุฑุฆุงุณุฉ ุงูุฌูููุฑูุฉ,1,2,0
228,ูุง ูุงุทู ูุง ููุจ ุญุฐุงุก ูุงุคูุงุก ุงูุงุจุทุงู ุงุทูุฑ  ููู ุญุฒุจ ุงููู ุดุฑูู ุนุฑุถู ูุฑุงูุชู ููู ุจูู ูุฑุงูู,1,1,0
229,ูุดู ุฎุตู ูุง ุทุจู ุชุชุฃูู ุฃู ูุง ุชุชุฃูู ,1,1,1
230,ูุง ุฒููุฉ ุดู ุงูู ูุญูุณ ู ุจุชุบูุฑ ูุจุงุฏุฆู ูู ูู ุณูุฉ ููุช ุนู ุชููู ุนูู ุงูุฒุนูู ุงูุนุฑุจู ุงููุจูุฑ   ,1,2,1
231,ุนู ุชุญูู ุนู ุงููุฒูุฑ ุฌุจุฑุงู ุจุงุณูู ูุงู ุงุณุชูุจููุง ุงูุญุฑูุฑู ูุฃุดุฑู ุฑููู ุณูุงุฑุฉ ุทุฑูู ุงูุฌุฏูุฏุฉ,2,2,2
232,ุงููุญุณูุจูุงุช ูุง ุจููุนููู ุซูุฑุฉ ุจุณ ุฌุจุฑุงู ุจุงุณูู ุงุฐุง ุจุงุฑุฒ ุนุงูุณุงุญุฉ ุงูุชุฑ ูู ุบูุฑู ููุชุฐูุฑ ุงูุซูุฑุฉ,2,2,2
233,ููู ูุฎุชุงุฑ ูุด ูุงุฏุฑ ูุนูู ุจุถูุนุชู ูุงุงุงุงู ูุงุงุงุงุงุงุงู ูุงุงุงุงุงุงุงุงู ,2,2,2
234,ููู ุจุชูุฒูููุง ูู ุฏูู ุฏูููุ ุงู ุฎูุต ุงุฐุง ุงูุญููู ุงุดุชุฑุงูุง ููุบุถ ุงููุธุฑ ุ   ,2,2,2
235,ูุฑุฌููุง ูุฌู ุฃููุฑ ูุทุฑ ูุงุนุฏ ุนูู ูุฑุณู ุฃูุทู ูู ูุฑุณู ุฌุจุฑุงู ุจุงุณูู ุจุนุฏ ูุง ุจุงุณููู ุทูุฒู ููุฌู,1,2,2
236,ููู ููุง ูุด ุดุบูู,1,1,1
237,ูุง ุญุฏุง ุจุงูู ุจุทุฑุญ ุงุณูู ูุญู ูููุง ูุคูู ุน ุญููู ุงููุณูุญููู ูู ุฎูุงู ุฑุฆูุณ ุงูุญูููุฑูุฉ ุช ุงุฐุง ูู ุญุงู ุงูุช ูุตูุช ูุน ุงูู ุจุดู ููุฑุฆุงุณุฉ,2,2,2
238,ูุงูู ููุฑุนูู ููู ูุฑุนูู ูุงูู ูุง ูููุช ุญุฏู ูุฑุฏูู ุงูุชุบุฑูุฏุงุช ูุง ุจุชููู ุดู ูุงุทุฑูู ููุจุนุชู ุนูุฏ ุงููู ู ุญุจูุจู ุงุจู ุณูุณู ,2,1,0
239,ุงูุชู ุนู ุชุงูููุง ููุง ูุฃูู ูุงูุฏูู ู ุงูุดุนูุจ ุฏุงุนููููู ุจูุง ูุคุงุฎุฐุฉ,1,0,0
240,ูู ูููุฉ ูุนุงูู ุงููุฒูุฑ ุฌุจุฑุงู ุจุงุณูู ูู ุงูุชุชุงุญูุฉ ุงูููุฉ ุงูุนุฑุจูุฉ,2,2,2
241,ููู ุจูุดุจู ููู ููู ุจุฏู ูุญุงูู ููู ูุง ูู ุงูุงุุณูุทุฉ ุงูุดุนุจ ,2,2,0
242,ูุชุจุช ุนู ุฌุจุฑุงู ุจุงุณูู ูู ุญุฑูุฉ ุฃูู ุนููููู ุฑูุชููุช,2,2,2
243,ูุนูู ูู ุงูุณุช ุฏููุง ูุชุจุชุงุนุชุฐุฑ ุนู ุงูุฎุทุฃ ูุงูุช ููุฑุช ุนูู ูุง ูุง ููู ุนู ููุบุงุจุงูุช ูู ุนุฌูุฉ ุงูุชุงูููุงูู ุงููุงุฌูุฉ ุนู ุงุญุตุงุฆูุงุชูุง ุงูุฎุฒุนุจููุฉ,2,2,0
244,ุฌุจุฑุงู ุจุงุณูู ูุตุฑ ุนูู ุฅุฎุฑุงุฌ ุงููุงุฌุฆูู ุงูุณูุฑูู ูู ูุจูุงู ุจูุงุก ุนูู ุฏูุงูุน ูุณูุง ุจุตุฏุฏ ุงูุจุญุซ ูู ูุฏู ูุตุฏุงููุชูุง,2,2,2
245,ููู ุญุถุฑ ุญุงูู ูุง ููุฑ     ,2,1,1
246,ุดูู ุฌุจุฑุงู ุจุงุณูู ูุง ุนูุฏู ุฎูุงู ุงูุฏูููุฌู ูุน ุงุณุฑุงุฆูู ูุดูู ุฃูููุง ูู ุญู,2,2,2
247,ูู ุดุฎุต ุจููุชุฑู ู ุจูุชุนุฑูุถ ู ุณูุนุฉ ุฌุจุฑุงู ุจุงุณูู ููุฑูุถ ูุชุญุงุณุจ,2,2,2
248,ุงููู ูุงููุง ุงููุฒูุฑ ุจุงุณููุ ูุฒุฑุงุก ุฎุงุฑุฌูุฉ ููุณุทูู ูุฅูุฑุงู ูุง ุจูุณุชุฑุฌูุง ูููููู,2,2,0
249,ูุดููููุฑุช ูุง ุญุดุฑุฉ ุญุฑูุชูุง ูุฑุญ ูุงุฎุฏูุง ุชุถุฑุจ ุงูุช ูุจุดุงุฑ ูุงูููู ุชุจุนูู ุชูู ุนูููู ุงูุช ูููุฏู ูุดุฑุช ุชููู ุนุฑุจู ุงููู ูุงุฎุฏูู ุงุดู ููู,1,0,0
250,ุงูุช ุญูุข ููุญ ุนุงูุฑุฉ ุชุญุงุถุฑ ุจุงูุนูุฉ ,1,1,1
251,ูุนู ุฅูู ุนู ุญู ุงุฐุง ุฅุณุฑุงุฆูู ุญููุช ุณูุงู ูุน ููุณุทูู ูุจูุงู ุงุฑุฏู ูุงูุฏูู ุงูุนุฑุจูุฉ ููู ุงููุดูู ุจุณ ููู ุฌุจุฑุงู ุจุงุณูู,2,2,2
252,ูู ููุงุทู ุนุงุฏู ุจูู ุฎููุฉ ูุฑููุฏ ููุณุชุฑ ุนุงุฆูุชู ูุชุญุฑูุฉ ูู ุงุฌูุฒุฉ ุงูุฏููุฉ ูุนูุฏูุง ุชููุจ ูุงููุง ุงูุณูุทุฉ ุงูุงููุงู ุงูุนุงูุฉ ูุง ุชุญุฑููุง ุณุงูู ,2,2,2
253,ูุฑุจ ูุฏ ูุง ููู ุฌุจุงู ,1,1,1
254,ุฎูุฒูุฑ ุฑูุญุชู ุทุงูุนุฉ ุตุฑูุงูุฉ ุงุตุบุฑ ูุทุฑู ุจุชุณูู ุงููู ูููู ุฌุงุจูู ,1,1,0
255,ูููููุง ูุจุฑูู ููุดุนุจ ุงููุจูุงูู ููุงุฏุฉ ุญูููุฉ,2,0,0
256,ูููู ุชูุฑููุง ุน ุฌุณุฑ ุงููููุง ุจุณ ุฌุฑูุจูุง ูุง ุชูุทูุทูุง ุนููู,2,2,0
257,ููุนู ุฑุจ ุดุญุงุฏุฉ ุงููุงููุงุช ุจุงุณู ุณูุฑูุง ูุจุตูุฑ ููุงุฏ ุณูุฑูุง ุงุฎุช ุชุนุงุทููู ุจุงููุงูุต ููู,1,0,0
258,ูุญูุง ูููุ ูุญูุง ูุทู ุจูุง ุฑูุญ ูุง ุงููุง ู ุณููุง ุจุงูุฌููุน ู ูู ูู ูุณูุฏ ูุจูุงู ,2,2,0
259,ุทุฒ ููู ุดู ุฒุจุงูุฉ,1,0,1
260,ูู ูุนูุง ูู ุฏููุฉ ุญุถุฑุชู ููุช ุจุงูุญุจุณ ููู ุจุณ ููุงุณู ,2,1,1
261,ุตุญูุญ ูุง ูู ุงู ุดู ุจุณ ุงูุฏุฑูุฒ ููุงุจ ู ุฎููุฉ,0,2,0
262,ูุญู ูู ุจุนุถู ูู ุฏููุฉ ,2,2,2
263,ุนุจุงูู ุตุงุฑูุฎ ุจุนูุจู,2,0,0
264,ุฏููุฉ ูู ููู ุงูุฏู ุงูู ,2,2,0
265,ุงูููู ููู ุญูู ุฌุจุฑุงู ุจุงุณูู ุจุฏู ูุนูู ููู,2,2,2
266,ููุช ุฌุจุฑุงู ูุง ุจ ูููู ูุจูุงู,2,2,2
267,ููู ููุง ุจุชุนุฑู,1,1,1
268,ุนูุฑู ุฃุฏูุจ ููุณุญ ุจุงูุทูู ุงููุนุฌุฒุฉ ุฌุจุฑุงู ุจุงุณูู ุงูุฃุฑุถ ููุฎูู ุงูู ูุงูุดุชุฑู ูุชูุฑุฌ,1,2,2
269,ูุงูู ุจุนูุจูู ูุง ุจุฑุถู ุงูุถูู ููุง ุจูุจู ุงูุฐู ุ ูุง ุจูุจุงุน ููุง ุจูุดุฑู ุ ุงูููุง ูุญูุง ุฃููู ูุงูุดุฌุงุนุฉ ูู ุนููุง ูุงูุฑุฌุงู ุจุชูููุฏ ููู ุ ุฏุฎูู ุฑุจ ุจุนูุจู ุุ ุฌููุจู,2,1,0
270,ุฌูุณูู ุฌุจุฑุงู ุจุงุณูู ููุจุต ุงููู ููู ุงููุตูุจ ูู ููุนู ููู ุณูุงุณููู ูุงุทููู,0,0,0
271,ููุจ ูุงููู ููุฏูุณู ูุง ุงุจู ุงูุญุฑุงู ูู ููุนู ุงุจู ุงูููุถู ุดู ุงุจู ุญุฑุงู ูุดุฑุช ุชููู ุญูุตู ุณูู ,1,1,0
272,ุฌุจุฑุงู ุจุงุณูู ููุฏ ูุงููู ูุญ ูุฎุฑุจ ุงูุจูุฏ ุงุฐุง ูุง ุญุฏู ุถุจู,2,1,0
273,ูุฐุง ุงูุนุงูู ูููุฆ ุจุงูุชูุฑููุงุช ูุง ููุณุชุงูู ุฌุจุฑุงู ุจุงุณูู ,2,2,2
274,ุฌุจุฑุงู ุจุงุณูู ููุงูุฉ ุจุฑุฆูุณ ูุฌูุณ ุงูููุงุจ ุงูููุฒูููู ูุคูุฏ ูุงุฏูุฑู  ุญุชู ูู ุงูุฒุนุฌุช ุงูุฑููุง,2,2,2
275,ูุง ูุทู ุจุญุงุฌุฉ ููุง ููุง ุญุงุฌุฉ ููุง ููุทู ,2,2,2
276,ุดุฎุณุนุฏ ูุง ุนูู ุฑูุญูุง ูู ูุฑูู ,1,1,1
277,ููููู ูุจู ุงุฐุง ูููุฑูู ุฌุจุฑุงู ุจุงุณูู ูุด ูุงุจุถ ุญู ุชุตุงุฑูุญู ูุฎุงุตุฉ ุฃูู ุงุณุฑุงุฆูู ูุญููุง ุจุงููุฌูุฏ,2,2,2
278,ูุง ุชุญุจุณูุง ุนูู ุบุฏุฑ ุงูุฒูุงู ุทุงููุง ูุญู ููุง ูู ุงููุฑุตุงุฏ ,2,2,2
279,ูุฆุงู ููุงุจ ุนููู ูุฃุฌูุฑ ุนูุฏ ูุธุงู ุงูุงุณุฏ ุงูุช ููู ูุนู ุทุงุฆูุฉ ุงูููุญุฏูู ุจุฑุงุก ููู ููู ุงูุนุงูู ุจุฏู ููู ุดู ูุฎูููู ุจุฑโฆ ,1,2,0
280,ู ูู ูุฌูุฒ ูุญุณู ู ุงูุฅูุฑุงูู ุฃู ูููุชู ุงูุดุนุจ ุงูุณูุฑู ููุง ุงูุฃุทุฑุงู ุงููุฑุถุงูู ู ูุง ุฐูุฑุชูู ุฃุนุฏุงุก ููููุทูุฉ,2,0,0
281,ูุง ุนู ูุนููู ูู ุจุฏู ูุงู ูุงุฒู ููู ูุญุช,2,1,1
282,ูุนุฏููู ูุงู ูุง ุฒููููุฑ ุงูุญููุงู,1,0,0
283,ุชุฑุงูุง ูุญุชุงุฌ ุฅูู ูุญุงููุชูู ุฃูุงู ุงูุนุงูู ุฃุฌูุน ููุณุชุฑุฏ ุญููููุง ููุจูู ูุณุชูุจู ุฃุฌูุงููุง ูุฌูุดูุง ูุฏููุชูุง ูููุทู ุน ุงูุณุทุฑ ,2,2,0
284,ุจุณ ูุง ุฑูุช ุญุฏุง ุจูุนุทููุง ุงุณู ูุงููุทุญู ูููู ุทูุน ุจููุฑุฉ ุงูู ุงููุทุงุน ุงูุนุงู ูุณูุฑ ุงูุณุจุช,2,1,0
285,ูุงููู ูุง ุณูุฏ ูุฏูู ูุง ุฃุญููู ููู ููู ูุญูุณุฉ ุตุฑุงูู ุงูุณุนูุฏููู ุฅูุง ููุฏูู ุงูุฎูุงุฒูุฑ ุฌูุงุนุฉ ุญุฒุจ ุงูุดูุทุงู ูุฃุจู ุฌูู ุชุจุนูู ุงููู ููุนููู ุงูุชู ุงูุชููู ุฎุฑุจุชู ุงูุจูุฏ ูุดุฑุฏุชู ุงูุนุงูู ูุง ููุงุฏ ุงู ููุจ,0,0,0
286,ููู ููู ุฐุงุชู ูุงูู ููุงุจ ุงูููุณุทูููุฉ ุถุฏ ุญุฑูุฉ ุงูู,0,0,0
287,ุฃูุง ุจููู ุฑุงุญ ุงูู ุฌููู ุจุฏู ุชุฑูุญ ูุนูุฏู ุงูุนูู ุจููุจูู ,1,1,0
288,ูุนุงูู ุงููุฒูุฑ ูุญุชุงุฌ ุงูู ููุฑ ุณูุงุณู ุฌุฏูุฏ ,2,2,2
289,ููุงูู ูุฒุจูุท ูุนุงููู ุงููู ูุนุทูู ุงูุตุญุฉ ูุงูุนุงููุฉ ,2,2,0
290,ูุชุฃูุฏ ุงุฎ ูุงุฏุฑ ุงููุง ูุฏููุฉุูุงูู ูุทููุจ ูููุถุงุก ูุงููู ุนู ูุชุณุงุกู ููู ุณุงูุฑ ,2,2,2
291,ููุงู ูุฒูุฑ ุงูุฎุงุฑุฌูุฉ ุฌุจุฑุงู ุจุงุณูู ููุงู ุณูุงุฏู ููุทูู ููุณุชุญู ุงูุชุญูุฉ ุนููู ูุงูุดูุฑ ููุตุฏูู ุนูู ุงูุชุฑุฌูุฉ,2,2,2
292,ุตุฑุงุญุฉ ุงูุญู ุนูู ุฌุงุจู ุฑุฆูุณ,2,2,2
293,ุงูุจููุช ุงูุญูุฑุง ุจู ุงููุฑุฌุฉ ุ ูุงูุฌุงูุน ุงุดุฑู ูุฃุทูุฑ ููู,2,1,0
294,ุงููู ููููู ููุญููู ูุนุงูู ุงููุฒูุฑ ุฌุจุฑุงู ุจุงุณูู,2,2,2
295,ููู ุดุฎ ุนูู ูุจุฑ ุงููุงุฆุฏ ุงูุฎุงูุฏ ุจูุง ูุคุงุฎุฒุฉ,1,2,0
296,ุนูุฌุฏ ุงุชูู ูู ููู ุจูู ุขุฏู ูุง ุตุงุฑ ููู ููุง,1,1,1
297,ูู ูู ุฏููู ุชุญุชุฑู ููุณูุง ููุช ูุนุงููู ุจุงููููู ุงู ุงูุญุจุณ ,2,2,2
298,ุตุงูุช ุนููู ุฌุงููุณุฉ ุญุงูู ููููุฉ ูุฌุฑูุญุฉ ุจุจุทููุง ู ุงูุฌุฑุญ ูุชููุญ ู ูุญุดู ุฐุจุงุจ ู ุฎูุงูุณ ู ุนูุงูุจ ู ุตุฑุงุตูุฑ ู ููู ุงุญูุฑ ุนุถุงุถ ู ุจู ุฌุงููู ุงูุฌูุน,1,0,0
299,ููุงู ุงููุฒูุฑ ุจุงุณูู ุจูุง ุชุดููู,2,2,2
300,ูุจู ูุง ุชููุฑ ุชูุณููุง ุฒุนุงูุฉ ูููู ุดูุนูู ูุชุฌุฑุจุฉ ุจุดูุฑ ุงูุฌููู ุจุฏูู ุชูุณููุง ุฅููู ุฌุจุฑุงู ุจุงุณูู,2,2,2
301,ุงูุธุฑูุง ุงูู ุงูุฎุจุฑ ุจุดุงู ุตูุฑ ุงูุฑุฆูุณ   ,2,2,0
302,ููู ุถุงูุนูู ุจูู ููุจูุง ุงูุนูุงุฏ ุนูู ู ููุจูุง ุฌุจุฑุงู ุจุงุณูู,2,2,0
303,ุตุฑุช ููุจูู ุงูู ูุฑุฉ ูุง ุชูู ุจุงูุนุดุง ููุทูุนูู ุงูููุงุก ุนุซูุงู ูููุจุณู ุจูุด ุจุงููุจูู ูุงููู ุฑุญ ุชููุนู ุชุนูุฏ ุนูููุง ูู ููโฆ ,2,1,0
304,ูุฐู ุนูุงูุงุช ุณูุฏุงุก ุทูุจุช ุจุงูุงุจูุถ ,2,2,2
305,ูุญุงููุงุชูู ูุงุดูุฉ ููุงุฆุณุฉ  ุฏุนูุฉ ุงูุบุฑูุจ ุงุฌุช ุจุณ ูุฃู ูุนุฑููุฉ ุนูุง ููู ุจุจูุฏุฑ ูุญุงูุณ ุดูุฎ ุงูุนูู ููุณุชูู ุญุถูุฑ ููุชูู ู  ,2,2,1
306,ุชุบุฑูุฏุฉ ูููุถูุน ุญููุฉ ุชุงูู ููุจุชุฐู ูุชูู ูุงููุงุญ ูุง ุถูุนุฌู ูุงุญุงูุฏ ุทุจููุง ุฎูุณ ุณููู ุตุงูุฏุฉ ุจุงูุณูุฉ ุงูุชุฑ ูู ุงูุนููู ูุงููุตุฏุนู ุงูุนุฏุฏ ูููุณ ูุญุจุฉ ุงูุจูุฏ,0,0,0
307,ููููุดุดุด ููููุดุดุดุด ,1,0,0
308,ุฃูู ุฃูุช ุฌุจุฑุงู ุจุงุณูู ูุง ูู ูู ูุงู ูุฏูู ุฐุฑุฉ ูู ุงููุทููุฉ ูุนููุช ุฌุงูุฏุง ุนูู ุฅููุงุฐ ูุงุฑููุณ ุบุตู ููุฒุงุฑ ุฒูุง ูู ุณุฌูู ุงูุฃุฌุงูุจ,2,2,0
309,ุงูุฑุฆูุณ ุงูุณุงุจู ููุฌูุณ ุงูููุงุจ ุญุณูู ุงูุญุณููู ูููู ุงููุฒูุฑ ุฌุจุฑุงู ุจุงุณูู ูู ููุฑุฃ ุงูุทุงุฆู,2,2,2
310,ููุง ูุง ุนุฑุต,1,1,1
311,ุงูู ุทูุนุช ุตุฑุฎุช ุงูุดุนุจ ุงููุจูุงูู ููู ู ูุงุนุฏูู ุจูุง ุดุบู ู ุชุณูุฑุช ูุญูุงุชูู ุจุณุจุจ ุงููุงุฒุญูู ููู ุงุฐุง ุฌุจุฑุงู,2,2,0
312,ุงู ู ูุจูุดูู ูู ุงููููุฉ ุจุงูุญููุฉ ุน ุฌุจุฑุงู ุจุงุณูู ุจ ููุง ูุฌุฑ,2,2,0
313,ุฌุจุฑุงู ุจุงุณูู ูุงูุญู ููุงู ููููู ุจุฏู ูุฒุนู ูุชูุถู ููุฌุจูู ุงูุจุฏูู ุจุฑุฌุน ูุงูููู ูุจูุงู ุงูููู ุจูุฌูุฏ ุงูุณูุฏ,2,2,0
314,ุจุนุฏ ูุงูุต ูุญุฏ ููุจ ูุชูู ูููุฑ ุนุง ุญุฒุจ ููู ูู ุนูุฏู ุถุฑุฉ ูุฑุงูู ูุดุฑู ููุช ุงูููู ูู ุงูุดูุฏุงุก ุจุณ ูุงุฌูุฑ ูุชูู ูุตูุฑู ุงุฎุฑ ุดู ููุชุฉ ููุงุจ,1,1,0
315,ูุงูุช ุงูุนุงูุฑุฉ ุงููู ุจุชุญุงุถุฑ ุจุงูุนูุฉ   ,1,1,1
316,ูุง ุชูุฑู ุดูุก ูุนูู ุฎูุฑ   ,2,1,1
317,ุจุญุณ ุงูู ุจุฏู ุถุจุงู ููุณุงูู ูุงูู ุงุทูู ููู ,1,1,1
318,ุทูุจ ุงููุฏูุนุฉ ุจุดู ุจุชุณุงุนุฏ ุงูููุงุทู ุจุงูุงุฎูุฑ ุญ ุชุชูุณู ูููุงุจ ุงูุฏููุฉ ,2,0,0
319,ูุงุถุญู ูุชูุฑ ูุชู ุนูู ุงูุดูุณ ุงูุช ูุชูู ูุชู ุงู ุดุฎุต ุจูุณูุน ูุจูููุฐ ,2,1,1
320,ุฅู ุงูุฎูุงุฒูู ูุฏ ุชูุงูุจุช ุนูููุง,2,2,2
321,ุงูุฏููุฉ ุจุชุชููู ุนุงูุดุนุจ ูุง ููู ูุชูุฑ ุงุฐุง ุดุงู ุทุฑูุงุช ุชุฌุนููุช ุนุงูุนุงุตูุฉุ ููู ุจุงููููู ุจูุชุฒุจูุท ,2,0,0
322,ุงูุง ูุด ุนู ุตูู ุญุฏุง,2,2,1
323,ุฎูุต ุฎุฑุงุณ,1,1,1
324,ูุฑุจุช ููู ุจุงูุจูุฌุงูุฉ ูุง ูุง ุชุญูู ููุงู ุงูุจุฑ ููู ูุนุงุจ ุนูู ูุฏู ูุง ุตุบูุฑ ,2,1,0
325,ุงูุณู ุจุงููู ุงูุชู ูู ูุฏุงูู ุจุงููุฌุงู ูุง ุงุณูููู ุดู ูุง ุฒูุฌูุฉ ุฌุงุชู ุงููุฑู ูุง ุณูุฏุง,0,0,0
326,ูููุญู ูู ูุงุฑููู ,2,0,0
327,ุงูุช ููุจูู ูุณูุช ุฌุจุฑุงู ุจุงุณูู ููุจูู ุจุฑู ูุชุฐูุฑ ููุดุงู ุณูููุงู,1,2,2
328,ููุงุจ ุฃูุช ุงููุญุฑู ุงูุฐู ูุณุชุญู ุงูุญุจุณ ุงููุคุจุฏ ,2,2,2
329,ูู ูู ุดุจ ูู ุงูุฌุจู ุจุนุฏูู ุนู ูุดุชุบูู ููุณุชุฑุฒููุง ุจูุทุฑ ููุนูุดูู ุงูููู ูู ุฎูุฑูุง ุชุฑููู ุจุญุงููู ุฎูุต ููููุง,2,2,0
330,ูุง ุนู ุชูุจุงุน ูุนูู ุงูุฌุฑูุฏุฉ ูุญูููุง ุญุงููู ูุงูุชุจูุง ุงูุงุฐูุจ ุนู ุฌุจุฑุงู ุจุงุณูู ุจุฑูู ุจุชุณุชุฑุฒููุง ุจูู ุนุฏุฏ ูููุณุชูุง,2,2,2
331,ููุฉ ูุงุดูู ุฏุนูุง ุงูููุง ุงููุงุดููู ูุง ุจุชุฑูุญูุง ุงูุง ุนุงูููู ุจุถู ุญุฑู ุงููุงู ุจูููุง ุงูุดูุฎ ูุนูู ุญุณู ุจูุดุงุฑู,2,2,0
332,ููุงู ููุจ ุงุจู ุงูููุจ ูุง ูุงุทู ูุงููู ุฏุงุนุณูู ุนูู ุฑุงุณู,1,1,0
333,ุงุฐุง ููู ุฃูุซุงูู ุจูุถู ูุจูุฏ ูู ูุฐุงุฑู ุจุตูุฑ ููุทู ุจุงูู ุฎูุฑ ,1,0,0
334,ุงูุทุฑูู ุงูุฌุงูุณ ุงูุตุฑ ุทุฑููุ ุจุณ ุงุชุนุจ ูุงุซูู ุทุฑูู,2,0,0
335,ููุฑูู ุงููู ูููุฑู   ,1,1,0
336,ุทูุจ ุงูู ุฎุฑุงุณ,1,1,1
337,ููุฒู ุตูุฑุฉ ูุญุงูู ุน ุฃุณุงุณ ุนู ูุดุชุบู ุจุงููุฎุจุฑ,2,1,2
338,ูุนูุงู ูุนูุงู ุฑุญู ุงููู ูุณุงู ุงูุญุณู ูุนูุงู ูุงู ูููุฒ ุจูู ุงูุฑุฌุงู ูุฃูุตุงู ุงูุฑุฌุงู ุฅูุง ุงูุชุง ูุง ูุงู ููุงูููู ูุตู,2,2,2
339,ููุงุฐุง ูู ุชุณูู ุงู ุงูุงุตูู ุงูู ุงูุฌูุฒุฉ ุงูุงูููุฉ ูุฑุงูุบุช ูู ุงูููุถูุน ูุชุนูุฏ ูุชุณูููู ูู ุงูุนุงู ูู ูุถูโฆ ,2,2,2
340,ุฌุจุฑุงู ุจุงุณูู ูุงูุฆ ุงูุฏููุง ู ุดุงุบู ุงููุงุณ ุญุณุฏ ู ููุง ุถููุฉ ุนูู,2,2,0
341,ููู ููุง ูุง ููุง ุนููู ููุจ,1,1,1
342,ูุงู ุดูููุ ูุง ุชููู ูุชู ุฌุจุฑุงู ุจุงุณูู ูุงููุจูุฑ ููู ุงุฐุง ุดุฏ ุจ ุงูุฏูู ูุงุฌุฑูู ูุง ุจููุตู ูุตุฑูุงูุชู ูุฌุจุฑุงู ุจุงูุดุบู ุงููู ุนู ูุนููู,2,2,2
343,ูู ูู ุฏููุฉ ูุงู ุฒูุงูู ูู ุงููุฌุฑูุฑ ,1,1,2
344,ุงูุชุง ููุณุทููู ุดู ุฏุฎูู ูุงุฒูุฎ ูุง ููููู ุจุงูุฎููุฌ ูุง ุฌุงุญุฏ ูุทูู ูุง ูุฑุชุฒูู ูุง ููุจ,0,0,0
345,ุงููุฏ ูุตูุญุชู ุงูู ูู ูุตูุญุฉ ุงูุจูุฏ ููุฏุง ุฌุจุฑุงู ุจุงุณูู ูู ููู ูุชุบูุฑ ูุงูุขุชู ุงุนุธู,2,2,2
346,ููู ููุง ูู ูุงุบุจู,1,1,1
347,ููู ูู ูุญู ูู ุงู ูุชููู ูุงูุซุงููู ุงูุฎุงูุนูู ูู ุงุญุธุงู ุงูุบุฑุจ ูุงูุตูุงููุฉ ุงู ุชุฎุฑุณู ,1,0,0
348,ุงูุจูุงุก ููุฃุฒุนุฑ,2,0,1
349,ุฑุจ ุถุงุฑุฉ ูุงูุนุฉ ูุตูู ุฌุจุฑุงู ุจุงุณูู ุงูู ุงูุฑุฆุงุณุฉ ูุนูู ุงููุง ูุตููุง ุงูู ุญุงูุฉ ุงูุงุญุชุถุงุฑ ุงููุงูู,2,2,2
350,ูู ุจุชุฎูู ุจุณ ููุช ุงูู ุงููุนุฌุจูู ุจูุทุฑ ุจุณ ุฏุนูุช ูุฌููุจ ูุนูุฑุชู ุจุนุฏ ุญุฑุจ ุชููุฒ ุฃู ุงุฎุฏุช ูู ูุบูููู ูุณโฆ ,2,2,0
351,ุงูุญูููุฑูุฉ ุญุฒุจ ุงููู ูุฑุฑ ุฅุนุทุงุก ุงูุชูุช ุงูุถุงูู ู ุฌุจุฑุงู ุจุงุณูู ููุฐูุฑ ุงู ุงูุญุฒุจ ูุง ูุชุฌุฑุฃ ุนูู ุงุฒุนุงุฌ ุจุงุณูู ููููุฐ ูู ุทูุจุงุชูโฆ,2,2,2
352,ุงุฎุฐูู ุญุฒุจ ุงูุดูุทุงู,0,2,0
353,ุฌุจุฑุงู ุจุงุณูู ููุถูู ูุชูุฑ ูุงู ุจุฏู ูุนูุฑ ุณูุฑูุง ู ููู ุจุจูุฏู ูุจูุงู ูุด ูุงุฏุฑ ูุนูุฑ ูุฌุฑูุฑ,2,2,0
354,ุฅููุง ูุฏุฑุณุฉ ุงูููุงุก ุ ูุฏุฑุณุฉ ููุดุงู ุนูู ุ ุชุญูุฉ ุงูู ุงูุณููุฏ ุ ุณููุฏ ุงูุตุฏู ูุงูุฃุฎูุงู ูุงูุดุฑู ูุงูู ุญุงูู ุงูุงูุงูุฉ ุฌุจุฑุงู ุจุงุณูู โฆ,2,2,0
355,ูุฆุงู ููุงุจ ููุจ ุฌุนุงุฑู ุชุนุฑูู ุงูููุจ ุงูุฌุนุงุฑู ููุจ ูุดุชูุฉ ุนูู ุงูุฏูู ุจุนูู ููุง ุจุนุถ ุจุชุดุจูู ุตุฑูุงูุฉ ุน ุฎููุชู ุจุณูุฑ ูููู ูุชู ุงูุจุณูู ,1,0,0
356,ููู ูุด ุนุงุฌุจู ุญุฏูุซ ุงููุฒูุฑ ุฌุจุฑุงู ุจุงุณูู ุนู ููุชููู ูููู ูุดุฑูุน ุดููุฏ ูุณุชูุจูู ุจุญู ุฅุณุฑุงุฆูู,2,2,2
357,ุญุงุฌ ุชููุช ูุฑุทู ุฎูุงุตุฑู ุงูุช ูุด ูุฌุฑู ูุงู,2,2,1
358,ุถุงุฑุจุฉ ุงูุญูู ุจุงููุฎุงุดูุด    ,2,1,0
359,ุงููุฒูุฑ ุฌุจุฑุงู ุจุงุณูู ุธุงูุฑุฉ ูู ุชูุฑุฑ   ,2,2,2
360,ุจููุถูุน ุงูุชูุงุฑ ุงููุทูู ุงูุญุฑ ู ุงููุฒูุฑ ุฌุจุฑุงู ุจุงุณูู ู ุนูุงูุฉ ุญุฒุจ ุงููู ูุนูู   ุจุนุชูุฏ ูุงุฒู ูุชุงุฑ ูุจูุนู ูุณุงูุงุชูู,2,2,2
361,ูุฐุง ุงููุดุฑูุน ูุนุชุฏู ุนูู ุงูุฃููุงู ุงูููุฑูุฉ ูู ููุทูุฉ ุฏุงุฑูุง ูุฏูู ุฃูุฉ ุฑุฎุตุฉ ุณูู ุชุดุจูุญ ุนูุงุฏ ุนุซูุงู ูุฐุง ุฃุทุงูุจ ุงูุฑุฆูุณ ุนูู ุงุจุฑุงููู ุจุงูุชุฏุฎโฆ ,2,2,2
362,ูุง ุจุฏู ุงูุฌูููุฑูุฉ ุงูุณูุฑูุฉ ุงูุณููุฉ ูุซูุง,2,2,2
363,ูุง ุญุถุฑุช ูููู ุงููู ููุด ุจุณ ุนู ุชุญูู ุน ูุณุงุฏ ุงูุญุฑูุฑู ููู ุงูุช ูู ูุณุงุฏ ุญููุงุฆู ูููู ูุนูู ูู ุญููุงุฆู ุงููุฏ ูุง ุจุชุณโฆ ,2,2,0
364,ุงูููู ููู ุญูู ุฌุจุฑุงู ุจุงุณูู ุจุฏู ูุนูู ููู,2,2,2
365,ูุดุงููู ูู ููุธุงุฆู ุชุตูุฑ ุนูููุงุฆุฉ ุงููู ูุทูู ุจุนูุฑู ูุนุงูู ููุฒูุฑ ,2,2,0
366,ูุนู ุญู ูุงุฒู ูุญุงุฑุจุฉ ุงููุณุงุฏ ููุจูุด ููู ุฏุนู ูุชูุด ุจุนูู ุฏุงุฑุฉ ู ุฎุฑูุจ ุงูุฌุจู ูุฑูุงู ูุณุงุฑุฉ ูุด ุงูุช ููู ููุต,2,2,0
367,ุชุญุฏุซ ุฌุจุฑุงู ุจุงุณูู ุนู ุนุงุฑ ุชุงุฑูุฎู ุณููุญู ุจุฌุงูุนุฉ ุงูุนูุฑ ุงูุนุฑุจู ุจุณุจุจ ุงูุฅุตุฑุงุฑ ุนูู ุนุฏู ุญุถูุฑ ูุธุงู ุญููุงู ุงูุดุงู ูููุง ูุณูู ููุฉ ุจูุฑูุช,1,2,2
368,ููู ููุง ูู ุณูุญุช ูุนูู ูุดุงู ูุง ุงุฌู ูุงุชุจูู ุนููู ุธ,1,1,1
369,ุทุฒ ุจููู ุฌุงูุนุฉ ุดู ุงูุงูุฌุงุฒ ุงูุฐู ูุนูุชูู ุงูุฌุงูุนุฉ ุบูุฑ ุงูุชุงูุฑ ุนูู ุจุนุถูู ุงูุจุนุถ ุทูู ุงูุฌูุณุฉ ุงุบูุจูู ูุงูููู,1,0,0
370,ููุงุจ ูุชููู ุฃู ูุง ููุธุฑ ุนูููุง ุงุญุฏ ุจูุญุงุฑุจุฉ ุงููุณุงุฏ ููุฐุง ูุนูู ูุญุงุฑุจุฉ ุงููุณุงุฏ ูุงุณุฏุฉ ุฃูุถุง ,2,2,2
371,ุฒูู ุงูุชุจุนูุฉ ูุงูุชุนุทูู ุฌุจุฑุงู ุจุงุณูู ูุฆุงู ุทูุงู ู ุฌููุน ุงุญุฒุงุจ ุงุฐุงุฑ ููุซููู ุงูุชุจุนูุฉ ููุธุงู ุงูุฃุณุฏู,2,2,0
372,ูุงุชุนุฑู ุงุณุฆู ุญุฒุจ ุงููู ูุฎุฑููู ุจุงุณูู ,1,2,2
373,ูุงุงุจู ุฑูุฏุง ุจุฏู ุชุณุชุดูุฏ ุจููุงู ูุธูุฑ ุงูููุงุจ ูุงุฒู ุชููู ุงูุณุงู ุญุฑ ูู ุงูุณุงู ุทุฑุทูุฑ ,1,0,0
374,ูููู ุดุฑูุงุก ูู ููุจ ุงููุงู ุงูุนุงู ุงุตุจุญ ุงููุทู ูุฑูุณุฉ ูููุดูุง ุงูุถุจุงุน ,2,0,0
375,ุงุฐุง ุงููู ุนุงุทููู ุฐูุงุก ุจุงูุนููุฉ ููุด ุนุงุทููู ุดู ุฐูุจูู ,2,1,0
376,ูุถููุง ูุญู ุจุฒูุงููุง ูุง ูุงู ุนูุง ุบูุฑ ูุฌููุงุช ุจุฎุงุฑูุฉ ูุงู ุจุฏูู ุงููุชุฑูููุฉ ูุงู ุญุงุฌ ุงูู ุฎุฑุง,1,2,0
377,ูุณุชุงูู ุงูุฏุนุณ ,2,2,2
378,ูู ูู ูุฒูุฑ ูููู ูุด ูุฐุงุจูู ุจุณ ุดูู ูุฌููู ููุจุฑุฉ ุตูุชูู ูุง ุจููุญููู ุฅูุง ุจุงููุฐุจุ ุฎูููุฉ ๐,2,2,0
379,ููู ุนูู ุญุงูู ู ุฅูุชุจู ูุง ุชููู ุดูุฑุงู ูุทุฑ ุจุนุฏ ุนุฏุฉ ุฃุดูุฑูู ุดูุฑูู ููุช ุนู ุจุชุณุจ ุฅุฑุณูุงู ,2,2,0
380,ุชุนุง ูุฏู ุฑุงุณู ููู ูุง ุญูุท ู ุจุงููุณุจุฉ ููููุงุจ ุงูุนูููุฉ ุงุญูู ููุงุจ ุน ุงููุฒุงุจู,0,0,0
381,ูุงุณุฏ ,1,2,2
382,ุนุงูู ุนู ุชููุช ุฌูุน ูุญุฑู ูุจุฑุฏ ูุชูุฌูุฑ ูุฎุชูู ุฃููุงุน ุงูููุช ููุฌูุฏ ุจุจูุงุฏูุง ููุง ุญุฏุง ููุชุญ ุชูู ุจูููููู ุฎุฑุงุณ ุงูุช ุจุฑุง ุงูุจูุฏ ูุง ุนููู ูุงุฑุญ ูุฎโฆ,2,0,0
383,ูุงุฏ ุฏุงูุฑ ูููุง ุงูุญูุจูุฉ ุดุนุจ ุทูุจ ูุงูุญูููุฉ ุจููุญุจูุง ูุฌุจู ุงูุนุฑุจ ูููู ุดูุงูุฉ ูุงูุดูุงู ุฃุญุณู ูุงุณ ูุงูุฃุฏุงูุจุฉ ุฃุญูู ุนุงูู ูุจุงูุขุฎุฑ ูุณูููู ุฃุจู ุนุจุฏู ุงูุฌุญุด,1,0,0
384,ูุฑุซูุง ุนุจุงุฏ ุงููู ุงูุตุงูุญูู ,2,2,0
385,ุฎุงุจู ููุฑุฏ ุงููู ูุง ููุฏ ุชูุง ุชุฆุฐู ุญุงูู ููุง ุดุฑุงุจ ุญููุจ ููุงู ,2,1,0
386,ูู ุฑุฏูุฏูู ุงููุชููุณูุฉ ุนู ุบุจุงุก ูุงูู ุงู ุฏูุช ุชุฏู ุนูู ูุฐุจูู ูููุงููู ูุบุจุงุฆูู ูุฌุจููู ููุฒุงูุฉ ููุงูููู ูุถุนู ุจุตูุฑุชูโฆ ,1,1,0
387,ุฅุฎุฒุงู ุงููู ููุง ูุฎุฏูุนูู ููู ุงู ุงูู ุฃูุฏุบ ูุตุญูู ุนููู ุชูุฏุญ ููุจ ุฅูุฑุงู ูุญุฒุจ ุงููุงุช ุงููุฐุฑ ,0,0,0
388,ููุฏุง ุงุตูู ุณูุฑู ููุฌุจ ุณุญุจ ุงูุฌูุณูุงุช ูู ุงูุณูุฑููู ูุงู ูุง ุงููุง ุฎูุฑ ุจููู ูุงุณ,0,0,0
389,ุงูุชุฑุญ ุนุงูุฏููุฉ ุชุณุชุญู ุนูู ุญุงููุง ู ุชุถุจู ุจุดู ุณุฌู ูุฑุชุงุญ ูู ูุชูุชู ุฃู ูุงุฎุฏูู ุน ุฏูุฑ ุงูุตููุจ ูุนุงูุฌูู ุฎูุตูุง ูุจู ูุฑูุชูุง ,2,1,0
390,ูุง ุฏูุช ุนูู ุทุฑูู ุงูุญู ูุญู ูุนู ,2,2,1
391,ุดูุฉ ุจูุงูู ูุนุงููู,1,0,0
392,ูุนูุฉ ุงููู ุนูู ูุงุชู ุงูุณูุฑููู ู ููุด ูุง ุชุชููู ุนู ุงูููู ูุนูุฉ ุงููู ุนูู ูุงุชู ุงููููููู ู ููุด ูุง ุชุชููู ุนู ุงูุนุฑุงู ูุนูุฉ ุงููู ุนูู ูุงุชู ุงูุนุฑุงูููู ู ููุด ูุง ุชุชููู ุนู ููุณุทูู ูุนูุฉ ุงููู ุนูู ูุงุชู ุงูููุณุทููููู ู ููุด ูุง ุชุชููู ุนู ููุจูุง ูุนูุฉ ุงููู ุนููู ู ุนุงูุณุงุนุฉ ุงูู ุดูุชู ูููุง,2,0,0
393,ุงููุจุฑ ููู ููุง ูู ุงูุงุญุฒุงุจ ูุงููููุดูุงุช ุงููุจูุงููุฉ ูุงูุงุญุชูุงูุงุช ูุงูุงุฑูุงุจููู ูุงูุนุตุงุจุงุช ุงููุณูุญุฉ ูุจู ุงูุญุฑุจ ูุจุนุฏ ุงูุญุฑุจ ุฃุทูโฆ,1,0,0
394,ุณูุฏุงุช ุฎุฒููุฉ ูุด ูุฏูุนุฉ ูุนูู ุฏูู ุนููู ููุงุฆุฏ ูุง ูุญ ูุดูููุง ุงูุฒูุฑ ูู ุงูุจูุฑ ูุงููุต ูููุงุฑ ,2,2,0
395,ูุง ูุจูู ุจุนุฏ ุงููุธุฑ ุงูุง ุงูุจูุฑ ุจุนุฏ ูู ูุฎุงุฒู ูููุจุงุช ุซูุฑุงุช ุงูุฅุฎูุงู ุงูุฎุฑูุงู ูุงุฒุงู ููุงู ุจูุฑ,0,0,0
396,ุงููู ูุง ูููููุง ,2,2,2
397,ุชุจูู ุงูุฎุฑุงู ูู ุนูุฑูุง ุฎุงุฆูู ูู ุงูุฐุฆุงุจ ุนููุง ุจุฃู ุงูุฎูู ุงูุญูููู ูู ุงูุฑุงุนู,2,2,0
398,ุฒุญุทู ูุง ุชูููุตุฉ ุงูุชู ุจูุดุชู ุจููู,1,0,0
399,ูุจูุงู ู ูุทุฑ ูุฎุชุฑููู ุฏุงุฎููุงู ูู ุงูุฑุงู ููุง ุชุณุชุบุฑุจ ,2,0,0
400,ููู ููุง ูุงุฒููุฉ,1,1,1
401,ููุงู ุตุญูุญ ูุจููุถูุนูุฉ ูู ุฏูู ุชููุถุน ูุชูุฌู ุณูุงุณู ,2,2,2
402,ูุง ุงุญูุฑู ูุงุดูุงุด ุงูุฎูุฒูุฑ,1,0,1
403,ููุนู ุงุฎุช ุงููุฐุจุ ุงูุฒุงูุจู ููุณ ูุณูู ููุจุงุฑุงุชู ูุงูุช ูุจู ุนุฏุฉ ุงูุงู ูู ุงููุงุนุจ ุงููุตุฑู ุงููููุช ูููุฒ ูุง ููุญูููุฉ ูุนู ูููุจู,1,0,0
404,ุงูุงุณุฏ ูุง ุญุถูุฑ ูู ูุน ุงูุฎุฑุงู ,2,0,2
405,ููุฏ ุนุจุฑ ุนู ุฐูู ุจุดูู ุนููู ููุจุงุดุฑ ูุฒูุฑ ุงูุฎุงุฑุฌูุฉ ุฌุจุฑุงู ุจุงุณูู ูู ูููุชู ุงูุชู ุญุตุฏุช ุงุฌูุงุนุง ุนุฑุจูุง ูู ุงูููุฉ ุงูุนุฑุจูุฉ ุงูุชููููุฉ,2,2,2
406,ุนูู ุงูุฃูููุฉ ุงู ุชุตุจุฑ ูุชุนูู ูุชุดุฏ ุฃุฒุฑูุง ูุชุตุจุญ ุงูุชุฑูุฉ ูุง ุงู ุชุณุชููู ูุชุดุจุญ ูุชูุตู,2,2,2
407,ุงููุง ุจููุงู ูุณูููู ุงููุฐุจ ,1,2,0
408,ูุฑุฌูุง ูู ุฌููุน ูุญุจูู ุงูุฏููู ูุงูููุงุก ุนุซูุงู ุนุฏู ุงูุฑุฏ ุนูู ูุฐุง ุงูููุชูุฑ ุญุชู ูุง ูุนุทู ูููุฉ ุงูุจุฑ ูู ุญุฌูู ูุดูุฑุงู ,2,2,2
409,ูุฃูู ุจุชุดุจู ุงูุดุจุงุจ ุงู ุงูุง ุบูุทุงูู ูุง ุชููู ,2,0,0
410,ุชุถุฑุจู ุจูุงูููุธุฑ ูุงููู ุนู ุชูุทุนู ุงูููุฑุจุง ุนูุฏู ุงูุชุญุงู ุจูุฑุง ูุจุฏู ุงุฏุฑุณ ุดู ูุดุงููู ุญุณุจู ุงููู ุนูููู ุจุณ,1,2,0
411,ูุง ุจููู ุงูุญุฐุงุก ูุฌุจ ูุญุงุณุจุชูู ุฌููุนุง ,2,2,2
412,ูู ุจุณ ุชุบุฑูุฏุฉ ูุญุฏุฉ ูุตุงูุญ ูุจูุงู ุงู ูููููุนุฉ ุจุฏู ุงูุซุฑุซุฑุฉ ูุงููุณูุณุฉ ูู ูุถุฑู ุงูุงูุชูุงู ุจุงููุถุน ุงูุฏุงุฎูู ููููู ุงโฆ ,2,2,2
413,ููู ููุง ุงูุถูู,1,1,1
414,ุน ููุฑุฉ ูู ุจุณ ุงููุซูููู ุงูุนุฑุจ ุญููุฑ ูู ูุซูููู ุงุฌุงูุจ ุจููุฒููุง ุงูู ูุซูู ุนุฑุจู ุจุงูุชูุงุณุฉ,0,2,0
415,ูุฌุญูุง ุจููุชูุง ุดูุฑุงู ูุฎุงูุฉ ุงูุฑุฆูุณ ููุนุงูู ุงููุฒูุฑ ุฌุจุฑุงู ุจุงุณูู,2,2,2
416,ูุง ุชุญูู ุจุงุณู ุงููุฑุฏุฉ ูุง ูุฑูุน ูุงู ุงููููุงููุณ ุดู ูุงููุฑุฏุฉ ูุงูุจูู ุดู ุชุงูู ูุงุณุฃู ุงูุจูู ุนู ุนูุงูุชู ุจุงูููุงุก ูุจู ูุง ุชูุธุฑ ูุง ุฎุฑุง ุงููุจ ูู ููุจ ุงูุช,1,1,0
417,ูู ูุฌูุฒ ุงู ุชุชุงุฌุฑ ูุชุญุชูู ุจุฏูุงุก ูุฑุงููู ,2,1,1
418,ุทุจุนุงู ุฌุจุฑุงู ุจุงุณูู ููุง ูุฌุงู ููููุงุฑูุฉ ูุน ุฃู ุดุฎุต ุขุฎุฑ,2,2,2
419,ุนูุฏูุง ูุบุฑุฏ ุงููุฑุฏ ุฌุจุฑุงู ุจุงุณูู,1,2,2
420,ุฎุฑุงุณ ุชุถุฑุจ ุจูุงูุฑุงุณ,1,1,1
421,ุงูุนูู ุจููุจู ุดู ุณุฎูู ุฅู ุดุงุก ุงููู ุจุถู ุงูุดูุฎ ุณุนุฏ ุนููุจู ูุญุงุฑู ุฏูู ,1,2,0
422,ุตุฑูุง ุนุงูููู ูุณุฑุญูุฉ ุงููููุงูู ุฎูุณูู ูุฑุฉ ููุนุทููู ุฐุฑูุนุฉ ูุงููุฉ ูุณุชุฎุฏูููุง ุจุงุณูุงุทู ุจุณ ุนุจุซ ูุง ุนูููุชูุฒูุง ุงููุฑุตุฉ ูููู ุนููุฏูุนูููุง,2,2,0
423,ุนุฌุจููู ููู ุงุณุชุงุฐ ูุฆุงู ููููุง ุงููู ุงูููุฏ ุงูุนุงุทู ุจูุฌูุจ ูุฃููู ุงููุณุจูุฉ ุจุณ ูุชูุฑ ููู ูููููุง ุชูุฐูุจ ูุนู ููููุงโฆ ,2,2,0
424,ุงูุนูุง ุจูููุจู ูุง ุฃุชูู ุฏููู ู ูุง ุฃุณููู ,1,2,1
425,ุทูู ุจุงูู ูุง ุชุนุฑู ูู ููู ุงูุฎูุฑ ,2,1,1
426,ุฌุจุฑุงู ุจุงุณูู ุงูุซุฑ ุงูุณุงุณุฉ ููุงูุง,1,2,2
427,ูู ุถูู ุญุฏุง ูุง ุจุนุจุต ุจูุงูุจูุฏ ูุฑูุงู ูุงูุฌุญุด ููุนู ุฑูุญู ุงูุช ูุฃุจูู,1,1,1
428,ุงูุญูุงุฑ ุจุณ ุชููู ุญุงุงุง ุจูููู ูุฏูู ุจุชูููู ุญุงุง ุจุชูุงูู ุญุงูู ูุง ุนุงุฑู ูู ููู ุฌุงููู ุงูุถุฑุจ ูุจุงูุขุฎุฑ ูุงุนุฏ ุจุจุงุต ุฃุฎุถุฑ ูุทุงูุน ุนุฅุฏูุจ,1,1,0
429,ููููููู ููุฉ ููุฒูุฉ ููุฉ ุฌุจุฑุงู ุจุงุณูู ุงููุงุดู,2,1,1
430,ููู ููุง ูุฑุฉ ุชุงููู ูุญููุง ุนู ุทูุฒู ูุทูุฒูุง ููููุนูู ุดูููุง ุจุงุกูุฏููุง ููุง ุตุฑูุงูุฉ,1,1,1
431,ุงููุง ุดุฎุตูุชูู ูุงูุฐุง ุงูุนุงู ูู ูุจูุงู ุณูุงุญุฉ ุงูุณูุฏ ุญุณู ูุตุฑุงููู ููุนุงูู ุงููุฒูุฑ ุฌุจุฑุงู ุจุงุณูู  ,2,2,2
432,ูู ูุงููู ุนูู ุนูุงุฏ ุนุซูุงู ููุท ุงุฐุง ุฏูููุง ุจูุถุน ุงูุจูุฏ ูุฌุฏ ุฃู ูุถุนู ุงููุงุฑ ูุณูุท ูู ุงุณูุทู ูุง ุฃุญุฏ ูู ููุจู ูุง ุฃุญุฏ ูู ุงูู  ,2,2,0
433,ุฒุจูู ุงูุณูุฑููู ููุฐ ุงูุซุฑ ูู ุนุดุฑ ุณููุงุช ,2,2,2
434,ุงูููุงุฑูุฉ ุจูู ุฌุจุฑุงู ุจุงุณูู ูุงูุฏูุชูุฑ ุณููุฑ ุฌุนุฌุน ูุง ุชุฌูุฒุุงูุงูู ูุงุดุฆ ูู ุงูุณูุงุณุฉ ูุงูุซุงูู ุฒุนูโฆ,2,2,2
435,ุฌุจุฑุงู ุจุงุณูู ุฏุงุฆูุงู ุจููุงููู ูู ุงูุงุณุชุญูุงูุงุช ุงูุฏูููุฉ ุจูุฑูุน ุงูุฑุงุณ,2,2,2
436,ููู ููุง ูุง ููุง,1,1,1
437,ุดู ุนู ุชุจุน ุฑุณุงูู ูุฌูุงุนุชู ุจูุทุน ุงููู ูุงุนุฏูู ุงูุงูุณุงููุฉ ูุงููุงุญ ูุง ุถูุนุฌู ููุง ููุงุญ ุฎูุฏ ุงูููุณุทููู ููู ุฎุงูู ุนูููู ุน ูุทุฑ ูู ูุงูุตูุง ูุฑู ุจุณูุฑูุง,0,0,0
438,ุชุฃุจุท ุดุฑุง ุจุงุณูู ุฌุจุฑุงู,2,2,2
439,ูุญุชุงุฌ ุงูู ุญูููู ุฌุฏูุฏู ูุงููุฏูู ูุฑูุญ ูุชูุงุนุฏ ูุงู ุงูุดุนุจ ุดุญุฏ ูู ูุฑุงูู ูููุณู ุงูุจูุฏ ,2,0,0
440,ูู ุงูุตูุงุฑูุฎ ููุงุตุงุฑ ุนูุง ุดู ุงุนุฑู ูุงุญูุงุฑ ุงููู ูุนูุง ุงูุชู ููู ูุนูู ููุงุจ ุงูุณุนูุฏูุฉ ุณููุงู ูุจุบู ูู ุจุงุน ุดุฑููุง ุงูุตุญู ุจุฏุฑุงุณุฉ ุงูุชุงุฑูุฎ,0,0,0
441,ูุดุฑุชูู ููุงุจูุฉ ููุฒูุฑ ุงูุฎุงุฑุฌูุฉ ุงููุจูุงูู ุฌุจุฑุงู ุจุงุณูู ูุน ุณู ุฃู ุฃู ุชุซูุฑ ุงูุฌุฏู ุนูู ููุตุงุช ุงูุชูุงุตู ูุง ุงูุณุจุจุ,2,2,2
442,ุงููุงุฑ ูุงุฒูุฉ   ,2,2,2
443,ุทุฑุด ุบูู ููุนุฏูุฉ ุนูุฏูู ุงููุฏุฑุฉ ุนูู ุงูุชูููุฑ ุจุณ ุงุฌุชุฑุงุฑ ุงูุฎุทุงุจ ุงูููุงูุนุฌู ุงููุนูู,0,0,0
444,ููุฐุง ูู ุญู ุงููุฒูุฑ ุงูููู ุฌุจุฑุงู ุจุงุณูู,2,2,2
445,ูููู ููุชุฎุณูุณ,2,2,2
446,ูุนูู ุงููู ุนููู ู ุดูุนู ู ุญููุฑ ู ูุงุทู ูุงุจู ุณุช ูุณุชูู ููุจ,0,0,0
447,ูุณููู ูุตุฏู ุฑูุญู ูุฃูู ูุจูุงู ุฑุฏู ุนููู ูุฅูุฑุงู ูุฑูุณูุง ุฅูุด ุฏูุฑูู ูู ุณูุฑูุง ูุฃูุช ุงูุจุฑ ุฏุงุงุงุนู ููุฅุฑูุงุจ ูุงูููุงูู ,1,0,0
448,ูุงุฏ ููุณู ุจูุขูู ุจุนุฒุฑุงุฆูู,2,2,2
449,ููุชูู ุจูุง ูุฐุจ ู ุงุญุชุฑู ุนููู ุณุคุงู ูู ุงูุง ููุชูู ูุงูู ููุช ุงุนุชุจุฑุชูู ููุฐุจุ ูุจุดูุฑู ุจูู ุงูุฃุญูุงู ูุจูู ูุญุจุฉ ูุงุญุชุฑุงู,2,2,0
450,ูุฌุฑุฏ ุธููุฑ ุฌุจุฑุงู ุจุงุณูู ูู ุงู ูุคุชูุฑ ุตุญูู ุงู ุญุฏูุซ ููุฅุนูุงู ูู ุดุฃู ูุจูุงูู ุงู ุบูุฑู ูุนุทู ุงูุทุจุงุน ุจุฃู ููุงู ุชุนููุฏโฆ,2,2,2
451,ุญุงุฌ ุชูุงุณุฉ ูุง ูู ููู ุดู,2,2,1
452,ุงุฑููู ููุจ ุญูู ูุฑูููู ูุฑุชุฒูุฉ ู ุญุซุงูุฉ ุจูุฏูุชู ู ูุณุญุช ููู ุงูุฃุฑุงุถู ู ูุง ุฌุงูุจ,0,0,0
453,ูุงูู ุบูุฑ ุฌุจุฑุงู ุจุงุณูู ุงูู ุนู ููุนุจ ุจ ุงููุงุฑ ุชุญุช ูุฑุฃู ู ูุณูุน ุฑุฆูุณ ุงูุญูููุฉ,2,2,2
454,ุฌูุจ ุงูุตุญู ูุชุนุง ูุง ุฎุฑุง ,1,1,1
455,ููู ูุชูู ูู ุงูุชุฏู ุนูุงุฏ ุนุซูุงู ุจุถุจุงุท ุณุงุจููู ูุญุงูููู ูู ุงูุณูู ุงูุนุณูุฑู ููุงู ูุซููู ุตุงุญุจ ููุงูุจูุฉ ูุงุฎูุงู ุนุงููุฉโฆ ,2,2,0
456,ูุง ุฌูุงุนุฉ ุนูุฏ ุญุถุฑุฉ ูุจุงุฑู ููุง ูููู ูู ุงูุดูุฎ ููุฑุจู ุจุณ ุงุฐุง ุญุฏุง ุจูุดุฑุญูู ุดู ูุงุฏ ุนูุฏ ุงูุญุถุฑุฉ ุฃูู ููู ูู ุงูุดุงูุฑูู,2,2,0
457,ุงุณูุฏ ููู ููู ููุงูู ูููุจู ูุดููู ูุง ุดูุช ูุง ุชุญูู ุนู ุงููุชู ูุง ุตุงุญุจ ุงููุฌู ุงูุจุดุน ูุจุดุงุฑู ูุชู ุงูููุงููู ูู ุงูุดุนุจโฆ ,1,2,0
458,ุดููู ููุธูู ูู ุจุงุฑุงุช ุงูุฏูุญุฉ ุงู ููุงุฏู ูุงู ูุณุชุนุฑุจูู ุงูุดูุงู ูุฎุตูุตุง ุงููุจูุงูููู ูุงูููููู ุบูุฑ ูุงูููุงูุจ ,1,2,0
459,ุงูุช ูุงุฒู ูุญุทูู ุจุฏูุฑ ุงูุตููุจ  ููุฏุง ุงุฐุง ูุจูู ููู ูุงูู ุจุชุตูุฑ ุงูุตุฑุงูู ุชุถูุฑ ูู ุชูู ูุชุถุฑุจ ุงููุฑุถู  ุงูุญู ุนูู ูููู ูุง ูุจู ุจุงูุญุจุณ ,1,2,1
460,ูููู ุฃุฐูุงุจ ูู ููุณ ุงููุตููุฉ ,1,0,0
461,ูุฎุงูุฉ ุงูุฑุฆูุณ ูู ุดู ูููุฑ ุนุจูุนูู ุบุฑูุฉ ุญุชู ูููู ููุงุฏู ูุงู ุชูุฑุฌู ุนููู ุนูุงุฏ ุนุซูุงู ุจุณ ูุฐุง ุงูุฒููู ุงุณุงูู ุดูุงุจ ุนุงูู ูุดุฑูุน ุจุฏูู ุฑุฎุตุฉ,2,2,0
462,ุณุคุงู ููุฎุฎ ุฃุบูุจูุฉ ุงูุชููุชุฑููู ูุง ูุญุจูู ููุง ูุทูููู ุฌุจุฑุงู ุจุงุณูู,2,2,0
463,ูุง ุนููู ููู ูุนูููู ูุชูุงุฑูู ูุงุญุฒุฑุชู ุดุนุจูุชูู ุน ุงุฏ ูุฌููุนู ููู ุงุณูุฏ ูุชู ููุจู,0,0,0
464,ูุชูุฑ,2,2,2
465,ูุง ุจุณูู ุนููู ุงูููุงุก ุจ ุจููู ุจุณ ูุฌูู ูุฐูุฑุฉ ูุฌูุจู ุจุฌูุจู   ,2,2,1
466,ุทูุจ ูุง ุนุงูุฉ ุฌุฑุญู ูู ูุนูุงูุง ูู ุงููุนุงุฑุถุฉ ูููู ูููููุง ูุฏูููู ููุงู ๐ ูุงูุช ูู ูุงูู ุดุธูุฉ ุจุชุฑูุญ ุจุชุชุนุงูุฌ ููุง ุจุชุถู ูุงุนุฏ ูุญุชู ูุตูู ุฏูู ูุชููุชุ ๐,1,2,0
467,ูู ุชุนูู ุงูู ุงุฐุง ูููุตุช ุงุจุชูุงุฌุงู ุจุดูุงุฏุฉ ุงุจูู ุฑุญ ุชุญุตู ููุฑุงู ุน ุดูุงุฏุฉ ุญูุงุฑ ููู ุฃููู ูู ุดูุงุฏุฉ ุงุจูู ููุนุชุฑู ูููุง ุนุงูููุงู,1,2,2
468,ุดู ููุน ุชุฑุจูุชู ูููู ุนู ุชุดุชู ุดูุฎ ุชููุชุฑ ูุถุญ ูุงุดุณุชูุฉ ุงููููุชุฉ ูุงูุงูุบุงุฆูุฉ ,2,2,0
469,ูุฒุฑุนุฉ ูู ููู ุฅูุฏู ุฅูู ,2,2,2
470,ููุฏุง ุงูุฑุงูู ูุงุฑุณู ูููุฏู ูู ุงุญูุงุฏ ุงููุฑุฏู ู ุงูุฎูุงุฒูุฑ,0,0,0
471,ููู ูุง ููุจ ุจุชุณุฏ ุจูุฒู ูุญุฏู ุงุญุณู ูุง ูุณูู ุงุณูู ููุง ูุงุทู,1,1,1
472,ูุจู ูุง ุชุชุฑุญู ูุณุงู ุงูุญุณู ูุงู ูุดุงุฑู ุจูุชู ุงูุญุฑูุฑู ูุงูุญุฑูุฑู ูุงู ุนุงุฑู ููู ุงุบุชุงูู ููุญุณู ุญุชู ูุฃุฎุฐ ุซุฆุงุฑู ููุงูุฏูโฆ ,2,2,0
473,ุฒุฑุน ุดุนุฑุงุชู ูููููููู ูููู    ,2,2,2
474,ููู ุฎุฑุง ,1,1,1
475,ุทูู ุฎุงุฑุฌูุฉ ูุจูุงู,2,2,2
476,ูุดููุชูู ุจููุณูุง ูุงูุนูู ุงููุฑูุฑ ุญุงุณุจูู ุญุงูู ุดุบูุฉ ูุจูุฑุฉ ,2,2,0
477,ุงูุนูู ุดู ููุง ุจูุงูู ูุฏูู ุงูุณุงุนุฉ,1,0,1
478,ูุง ูุงููู ุงูุง ุฌุจุฑุงู ุจุงุณูู ุนู ุฌุฏูุฏ ููุง ูุฌุฑ,1,2,2
479,ุชูู ุนูู ุทูู ุนูุฑู ูุงุทู ุฑูุญ ูุถุจ ูุงุทูุงู ูุงุนูุจ ุงูุดูู ุนููู ุจุณ ุดู ุจุฏู ูุญูู ุงููุงุญุฏ ุทูู ุนูุฑู ููู ุฑุฎูุต,1,0,0
480,ูุงููู ูุง ุงุณุชุงุฐ ูุฆุงู ุจุนุชูุฏ ุงูู ุงูุดุนุจ ุตุงุฑ ุจุฏู ุชุบููุฑ ูุงูู ุบุงุดู ู ูุงุดู ,2,2,0
481,ุจุฑุงูู ููุฐุง ุงูุชู ุฎูุงุฑูู ุงูุฒุนูู ูุงูุช ูุง ุญุณูู ุฎุงุงุงุงุงุฑูู ูุงุงุงุงุงุก,0,0,1
482,ูุทุฑ ุฃุตุจุญุช ูููููู ูู ุงูุฌููุน ูููู ุงูุจุนุถ ูุทุฑ ููุชุนุงูู ูุนูุง ,2,2,2
483,ููููู ุฎุฑุง ูุง ุงุฌุฏุจ ููู ุดุงููู ูุง ูุงุฑ ูู ุงูุนุฏุงูุฉ ูุงูุฌุฑู ,1,0,0
484,ุฑูุญ ูุทูู ุฑุงุณู ุจุงูุญูุท ู ุนูุท ูุง ุดูุช ุงูุณุฎ ูู ููุงุจ ุญุฑูุฉ ุงูู ูู ูุจูุฑ ุงูุนููุฉ ู ูุฒูู,0,0,0
485,ูุนูููุงุช ุงูุฎุทูุฉ ุงููุทุฑูุฉ ุงุชุช ุงุซุฑ ูุดุงุฑูุฉ ุงููุฑ ูุทุฑ ูู ููุฉ ุจูุฑูุช ูุจุนุฏ ูุณุงุน ุจุฐููุง ูุฒูุฑ ุงูุฎุงุฑุฌูุฉ ุฌุจุฑุงู ุจุงุณูู,2,2,2
486,ุณูุงุณููู ุฌุฏุงุฏ ูุด ุดุนุจ ุงูุดุนุจ ููุจู ูุนุชูุฑ ู ุฏุฑููุด ุดุนุจ ูู ุทูุจุชูุง ุงูุณูุงุณููู ุงูุงูุบุงุฏ ุงุณุชุบูููุง ุดุนุจ ูู ูุฑู ุนููู,2,0,0
487,ุนูู ุงูุฑุญุจ ูุง ุฌูุงุนุฉ ุงูุณุฏุณ   ,2,0,0
488,ูุตุฏุฑ ูุฑุง ูุฑุงุก ูุตุฏุฑ ูุฑู ูุฑูุงู ูููู,2,0,0
489,ุฎูุต ููู ุชุจู ,1,1,1
490,ูุงุฏ ููู ุจุฌูุจ ุงููุณุจุฉ ูุญุงูู ,2,2,2
491,ุดู ุฑุฃูู ุชุงุฎุฏ ููุณ ุงูููุฏ ูุชุฑูุญ ุนูู ููุฒูููุงุ ูุณูุงูู ุงูู ุงูุฑููู ูุงุฏูุฑูููู ุชุทุฑุฆูู ุดู ุจูโฆ ,2,2,0
492,ููู ุฑุฎูุต ,1,0,1
493,ูุงุญุฏ ูููุณูุงูุฌู ูู ููู ุนูู ูุฏูุน ูุณุท ุงุจูู ููุนูุดุชู ุจููุฏู ุญูุงูู ุงูู ุฏููุงุฑ ุจุงูุณูุฉ ูู ููู ุนูุฑ,2,2,0
494,ุงููู ูุญููู ูุฆุงู ููุงุจ ,2,2,2
495,ูุงูุง ูุงุญุฏ ูู ุงูุงุดุฎุงุต ุงููู ุตุงุฑูุง ูุญุจู ุฌุจุฑุงู ุจุงุณูู ูู ูุฑุง ุงููุฌูู ุนููู,2,2,2
496,ุนูู ุฑุงูุฉ ููุณู ุนูุงููุฉ ุฑุจู ุงุบูุฑ ูู ูุงุนุฑู ุงูู ูู ุชุบูุฑ ูู ุงูุชุฑุญ ุงู ูุนุฑุถ ุงูู ุน ุทุจูุจ ุจูุทุฑู ููุดูู ุงู ุฌุญุด ุงุจูู  โฆ ,1,2,0
497,ููู ููุง ูุงูุตุฑู ูู ููู,1,1,1
498,ููู ููุง ูุงููุฌู ูุงุฎููุฉ ูุญู ูุฐุฑุฉ ููุชุดุฑูู ูู ุญุฑ ูุงุชููุณูู,1,1,1
499,ุงููุฒูุฑ ุจุงุณูู ุบูุงุจ ุณูุฑูุง ุฎุณุงุฑุฉ ุนูููุง,2,2,0
500,ู ุชุจูู ููุณุทูู ุงูุฑุจ ู ุงุดุฏ ูุธููููุฉ ูุง ููุชูู ูุงุฏูุง ุจููุณุทูู ู ุงูุจุงูู ููู,2,2,0
501,ุตุงุญุจ ุงููุตูุฏุฉ ุดุฑูู ุงููุฑุถุงูู ูุญุงูุธ ุงููุฑุขู ูุฅูุงู ุงูุญุฑู ,2,2,0
502,ุฌุจุฑุงู ุจุงุณูู ูุง ุชููููู ูุชูุชูุฏูู ูุญุฏู ุงูุฐู ูุง ูุนูู ูุง ูุฑุชูุจ ุงููููุงุช ููู ูุจูู ุจูุง ุญุฑูุฉ ูู ููุชุณุจ ุจุงูุทุจุน ูุง ุฎุจุฑุฉ,2,2,2
503,ูุดุฑุช ุจุฑูุจุชู ูุง ูุงุทู ุชุงุฑูุฎูุง ู ุญุงุถุฑูุง ู ุดุนุจูุชูุง ู ูุณุชูุจููุง ุจูุณูุง ุฑูุจุชู ูุง ุนุฏูู ุงูุงุฎูุงู ,1,2,0
504,ุงูุฅุนูุงู ุงููุฃุฌูุฑ ูู ู ูู ููุงู ูู ุณูุนุฉ ุงูุนูุงุฏ ููุดุงู ุนูู ูุงููุฒูุฑ ุฌุจุฑุงู ุจุงุณูู,2,2,2
505,ูุจู ูุง ุชุญูู ูุงูุญูู ุดููู ุงูุดุนุจ ุงููุจูุงูู ููู ุนู ุจูููุช ูุฏุงู ุงููุณุชุดููุงุช ูููู ูุด ูุงุฏุฑูู ูุฏูุน ููุนูุด ููุง ูุงููโฆ ,2,2,0
506,ููู ุงูุบูุท ุงุฐุง ูุงู ุงูู ู ุจููุนุธ ุจููุถูุน ุฌุจุฑุงู ุจุงุณูู ู ุจููุจู ุจุงูุชูุฌู ุนุดุฎุต ุงูุฑุฆูุณ ุจุฑู ุจููู ุนู ูููู ุจโฆ,2,2,2
507,ูููู ููู ุทูุนุช ูุนู ููุฏู ูุง ุชุณุฃู ูุฏูุด       ,2,2,1
508,ููุฏุง ุงูุตุญูุญ ุณููุช ูุฏุงูู ,2,2,1
509,ุงููุง ู ุณููุง ุจุงููุฑ ูุทุฑ ุชุงุฌ ุฑุงุณู ูุง ูุงุณุฏ ูุง ุจูู ุฑูุญ ุนูุทุฑ ู ุดูู ุงูุชุทูุฑ ู ุงูุชูุฏู ู ุงูุงุญุชุฑุงู ,1,0,0
510,ุจุญุจ ููู ููู ูุงุญุฏ ูุด ุนุงุฌุจู ููุงู ุงููุฒูุฑ ุงูููู ุฌุจุฑุงู ุจุงุณูู ุฑูุญ ุญูุฑูู ุดู ุฌูุฑุฉ ูุดู ุฑุงุณู ููุง,2,2,0
511,ูุฆุงู ููุงุจ ูุตุฑูุงูุชู ุณูู ูุฆุงู ููุงุจ ุฑุงุณู ุฑุงุณ ุฎูุฒูุฑ ุจุฌุณู ุงูุณุงู ุงูุนูุงุฏ ุนุซูุงู ุจุฏู ููุณุฑ ุฑุงุณู ุงูุช ููุนููููู ,1,1,0
512,ุบูุฑู ุงูุฏุณุชูุฑ ูุดูู ุฅุฐุง ุจููู ุทุงุฆูู ุจุนุทูู ููู ุจุฏู ูุงู ุนูู ููุฑุฉ ุฅุนุงุฏุฉ ุงููุณุญูู ูุด ุฎุทุฃ ููุจูุงู ููุฐุง,2,2,2
513,ูุฐุฑ ููุฑู ุญููุฑ ุณุงููุฉ ุฃูู ูุงููุงู ุนู ูุงุฑุณูู ุบุงูู,1,0,0
514,ุงููู ุฎูู ุจุงูุฎ ุชุฑูุชูู ุงููุถุงูุฉ ุงูู ููููู,2,1,1
515,ุงูุช ููู ูุงุฑููุ ูุงุญุฏ ุญููุฏ ุจุฏู ุชูุดู ุงูุนุงูู ุนูู ุฐููู,1,2,1
516,ุฎูุต ูููููู ุจุชูุนู ุงูููุณ ููู ุณุชู ูุง ุจุชูู ูุจุชุญูู ูุฏู ูุชู ูุณูุงู ุงููุฑู ุงูุนูุงุจ ูููุงุจ ููุงุจ ูุงุชู ุงุจู ุฏูุงุจ ,0,2,0
517,ุดู ุฎูุตูุง ูู ุงูุนูููุฉ ุทูุนูููุง ููุงุจ ูุตุฑุงููู ูููุดู,0,0,0
518,ุจุฏูุง ูุฏุนุณ ุจููุจูู ููู ุดุนุจ ูุณุฎ ู ูุฌุฑู ูุชููู ูุชู ูุธุงููู ูุฌุฑููู ุฑูุญู ุงููุจุฑู  ุงููู ูุง ูููููู ู ุงูุดุงููู ุจุถููู ุจูุงูููุฉ ูุชูุชููุง,0,0,0
519,ูุงูุชู ูุงู ุฃููู ูุง ูุนุฑุถู ุฎูููู ูู ุจูุฏู,1,2,0
520,ููู ุนููุชูู ุดูุฎ ูุง ุดูุฎุฉ ,2,2,0
521,ูู ุจุญุถู ูุงูุฑุงุฆุฏ ุฃูู ููู,2,2,1
522,ููุฏ ุงูุดุนุจ ูุด ุจุญุงุฌุฉ ูุงููุงููู ููุฏ ุดุนุจ ุจุญุงุฌุฉ ูุถูุงุฆุฑูู ุงูุบุงุฆุจุฉ ,2,0,0
523,ููุนุช ุจูู ุงู ูุงูุฌุฏูุฏ ุนู ูุชูููุง ุจุนุถู ุจุงููุจุถ ูุงูุชุจุนูุฉ ูุจูุน ุงูุถูุงุฆุฑ ูุงููุฑุงูุงุช,2,2,0
524,ุดูุฑุงู ุฌุจุฑุงู ุจุงุณูู ูุงูู ุถูุงูุชูุง    ,2,2,2
525,ุตุฏููู ุงูุช ุจุชุถุญู ุงูุชุฑ    ,2,2,1
526,ูููุฉ ูุนุงููู ุงูุนูู ุงููุงุนู ูู ุงููุงุฏุฑ ุนูู ุงุญุชุฑุงู ุงูููุฑุฉ ุญุชู ููู ูู ูุคูู ุจูุง ,2,2,2
527,ุนูุงุฏ ุนุซูุงู ุฑุญ ูุฏุนุณ ุฑุงุณู ุฃู ุดุงุก ุงููู ูุบุฏุง ููุงุธุฑู ูุฑูุจ ,2,1,1
528,ุงูุดูุฎ ุฃุณุงูุฉ ุจุดุฑู ุฑุงุณู ,2,0,2
529,ูุงูุช ุดู ุฏุฎู ููู ูุนููู ุฌุจุฑุงู ุจุงุณูู ููู ูู ุจูุญูู ุนูุง ุงู ูุณูุช ููุงุจ ุดู ุญูู ุนูู ููุฑ ูููุง,2,2,1
530,ุฌุจุฑุงู ุจุงุณูู ูู ุงู ููุน ูุงุฏ ูุฑูุฏ ูู ููุนู ูุณุน ูุง ูุฒู ููุฏูู ูุชูู ูุงุดู ุจุฏุฑุฌุฉ ุจุฑููุณูุฑ ุจููุดู,2,2,0
531,ุงูุช ุชุทูุจ ูู ุงูุณูุฑููู ุงูุนูุฏุฉ ุงูู ูุจูุงู ูู ุชุฑูุฏ ุงู ุงูุจู ุจูุฐุงุ ุงูุช ุชุชููู ุจุงูุตุฑุงุฎ ูุงูุง ุงุฑูุฏ ุนูู ูููุฑ ุงุณูุนูโฆ ,2,2,0
532,ูุงูุช ุดู ุชุนุชุจุฑ ุญุงูู ูุงูุช ููุงูู ููุฐุง ุงูุญุฑุจุงุก ุฌู ุจูุงุท ููููู ,1,0,0
533,ุงูุฌุงุฒ ูุงุญุฏ ููุงุจูู ูุกุฉ ูุดู ู ูุฏ ูููู ุชุบุทูุฉ ุนูู ุดูุก ูุง ,2,2,2
534,ูุงู ุฑุญ ูุทูุนูุง ุนูู ุงุฏูุจ ุงููู ูููู ุจุงูุนูู,2,2,2
535,ูุนูู ุจูู ูุฒูุฑ ุงููุตุงูุญุฉ ุนูู ุญูุฏุฑ ุจุงุน ููุงุฏูุง ุงู ูุนู ุนูู ุญูุฏุฑ ููู ูุง ุจูููู ุนูู ุญุงูู ุจุงุนูู,2,2,0
536,ุงุณุชูุจู ุฑุฆูุณ ุงูุญูููุฉ ุงููููู ุณุนุฏ ุงูุญุฑูุฑู ูู ุจูุช ุงููุณุท ูุฒูุฑ ุงูุฎุงุฑุฌูุฉ ูุงููุบุชุฑุจูู ุฌุจุฑุงู ุจุงุณูู,2,2,2
537,ุญุชู ุจุงูุงูุชุตุงุฏ ุญูุงุฑ ,1,1,2
538,ุนูู ุดู ุจุฏู ุฑุฏ ุงุณูุงููู ุจุทู ุทุงูุน ุจู ุงุณูู ,2,2,1
539,ุจุณ ูุง ุบุงููุฉ ุงููุนุฏ ุงูุตุงุฏู ูุญุงูู ูุง ุจุฌูุจ ุฑุฆูุณ ุฌูููุฑูุฉ ููุง ุฑุฆูุณ ูุฒุฑุงุก ุ,2,2,0
540,ุณููุช ูุฏุงู ,2,1,1
541,ุฅุฐุง ุงููุฒูุฑ ุฌุจุฑุงู ุจุงุณูู ุงุนุชูู ุนู ุงูุชุตุฑูุญ ุญูุงูู ุดูุฑ ุฃู ุดูุฑูู ูู ูุคุณุณุฉ ุงุนูุงููุฉ ุจุชุณููุฑ  ูู ุตุญุงูู ูุงุนูุงููุฉ ุจูุงููุง ุจุงูุจูุช,2,2,0
542,ุจุดุงุฑ ูุชู ูุดุฑุฏ ููุชู ุดุนุจู ุฑูุฒ ุนูู ุดุนุจู ูุด ุญุฑุจ ุฏูู ุจุดุงุฑ ุฎุทู ููุชู ูุฐู ุงููุจูุงููู ุจูุง ููู ุงูููุงูู ,2,0,0
543,ุงูููุงุจ ูุง ูุญุฌุจ ุนูู ุงูุฎูุงูุง ุงูุฏูุงุบูุฉ ุนูู ููุฑุฉ ,2,2,2
544,ููู ุดู ุฑุงูู ุชุญู ุนู ูุทุฑ ุุฒููุชูุง  ,2,2,2
545,ููู ูุงููู ููุฐุง ูู ุงูุนุฑุจ ููุฐุง ูู ุงูุฏุฑูุฒ ููุฐุง ูู ุงูุดุฑูุงุก ูุทุฑ ูู ุฃุจูุงุจ ุงูุนุฑุจ ูุบููู ,2,0,0
546,ุจุฏู ูุง ุชูุงุฎุฐูุง ุณุนุงุฏุฉ ุงููุฒูุฑ ูุง ููููู ูููููู ูุง ุฑูุช ุชุฑุฌูุฉ ููุนุฑุจู,2,0,0
547,"ุงูุนูู ูุง ุงุฌุญุดู ุฑูุญู ุงุณุฃูู ูู ูุฒูุฑ ุดุคูู ุงููุงุฒุญูู ูููู ุนู ุจุณุชูู ุฃููุงู ุงููุงุฒุญูู ูุจู ูุง ุชุชููุณูู ุดู ุงูููุน ุงุฐุง ุจูุช ุญุณุจ ููุณุจ ูุฌุงููู  ""ููุนููู ูุน ูู ูุงุนู""!",1,0,0
548,ูู ูุงูููุนู ุงูุฏูุงุก ูุง ูุนุงูุฌู ุงูุง ุงููู ,2,1,1
549,ุงูุฅุฑูุงุจ ุงูุณุนูุฏู ุฅูู ูุฒุงุจู ุงูุชุงุฑูุฎ ููู ููู ุจุดุฏ ุนูู ูุดุฏูุง ุงูุณุคุงู ููุงุฐุง ูุฐุง ุงูุฅุณุชูุชุงุฑ ููุฌุจ ุนูู ุณูุฑูุงโฆ ,0,2,2
550,ุจูุช ุงููุณุท ุญุงูู ุงููุญุฏุฉ ุงููุจูุงููุฉ ุ ููููู ุทุงูุจุชู ุจุนูุฏุฉ ุณูุฏ ุจูุช ุงููุณุท ููุญูู ุงูุนูุด ุงููุดุชุฑู ูุงุฐุง ูู ุดู ูููุซ ููู ุงููููุณ ุงูุถุนููุฉ ููู ูุง ุชุชูุจู ูุฌูุฏ ุฑุฆูุณ ุญูููุฉ ูุนุชุฏู ูููู ูููู ูุณุชูุจู ุจูู ุฏูู ุงูุนุงูู ุนูู ุงูู ุงูุฑูู ูุงุญุฏ ุจูุจูุงู,2,0,0
551,ุดูู ุฃุณูุงุก ุงูููุจูููู ูุชุงุฑูุฎ ุงูููุงุฏุฉ ุณูุฉ   ,2,2,0
552,ุงุฑุฏูุบุงู ุฏูู ุจุชุฑูู ุจุงููุทุฑุฉ ุงูุณูุณู ุณูู ุฃุจ,2,0,0
553,ูุงููู ูุง ุฏูุฑ ุณูุฑูุง ุบูุฑูู ูุง ุจูุฑ ,0,0,0
554,ูุง ุณูุฏ ูุฆุงู ููุงุจ ุชููู ุนูู ุญุฌูู ููุง ุชูุซู ููู ุนุจุซุง ูู ุงูุฌุจู ูุงูุช ุชุนุฑู ุงู ูููุฏ ุฌูุจูุงุท ุญุฑุต ุนูู ุจูุงุฆู ููู ุชุฒูู ูุตูุน  ,2,2,1
555,ูุงูุช ูุง ูุญุชุฑูุฉ ููุช ุงูุฎุทู ูุงู ุฑุฆูุณ ุญูููุชู ูุด ุฑุฆูุณ ุงูุทุงุฆูุฉ ุงูุณููุฉ ููุง ูุชููุชู ุญุถุฑุชู ููููู ุดูุชู ููู ูุฒููุง ูุญุชุฌูุง ูุฒููุง ููุชุนุจูุฑ ุนู ุงูุบุถุจ ูู ุฏู ุจู ุงูุนุฑุถ ูุงูุดุฎุตู ูุงู ุดุงุก ุงููู ูุง ุญุฏุง ุดู ููู ููููู ุจู ุงูุนุฑุถ ุงู ุงูุดุฎุตู,1,2,0
556,ุฎููู ุจูุถูุฉ ุงูุฎุงุดูุฌู ุดู ุจุฏู ุจุงููุฒูุฑ ุฌุจุฑุงู ุจุงุณูู,2,2,2
557,ููุฏุง ูุงุญุฏ ุณููู ,1,0,0
558,ูุชูุฑ ุญูู ูุง ูุนุงูู ุงููุฒูุฑ ุจุณ ูุง ุชููู ูุงุตุฏ ูุฒูุฑ ุงูุฎุงุฑุฌูุฉ ุนูู ูุดุงุฑูุชู ุจุงูุงุฌุชูุงุน ุงููุบูู ุงููุชุนูู ุจู ุณูุฑูุง     ,2,2,2
559,ูุง ูุณุชูุทู ุงูุง ุญูุท ุงูุดูุฎ ุณุนุฏ ูุฃูู ุขุฏูู ูุฌูููุฑู ูุง ุจููุงุชู ููุฃูู ูุด ูุณุชุนุจุฑู ูุด ูุงุจู ูุฑุดูู ุงู ูุดุชุฑูู ,2,2,0
560,ุฎููู ุซููู,2,1,1
561,ููุง ูุทูุน ุจููุฌูู ุจุงุจ ูุณููุฑ ูุง ุชููู ุฎููุตูุช ููู ูุฃู ุงูุง ูุง ูุทูุนูู ูุงุญุฏ ุบูุฑู,2,2,1
562,ุงูุช ุนู ุชุญูู ูู ููุทูู ุทุงุฆูู ูููู ูุง ุจุดุฑูู ุดูู ุณูุฏ ุงูููุงููุฉ ุดู ุจุนุช ุฑุณุงูุฉ ููุดูุฎ ุณุนุฏ ูุณุคูู ุฑููุน ูู ุญุฒุจ ุงููู ููู ููุญุฑูุฑู ุฑุณุงูุฉ ูู ูุตุฑุงููู ยซูุนู ุธุงููุงู ุฃู ูุธูููุงูยป,2,2,0
563,ูุนูู ูุนูุฏ ุฌุจุฑุงู ุจุงุณูู ููุนููู ุงููุงููุฉ ุนู ุจุฏุก ุฏูุฑุงุช ูุงููุฉ ุงุฎุชุตุงุต ุฅุฏุงุฑุฉ ุงูุฏููุฉ ูู ุฏูู ููุฒุงููุฉ ุงููุธููุฉ ูุคููุฉ,2,2,2
564,ูููุฏู ูููู ููููู,2,0,0
565,ูุง ูุฌูุฒ ุชุฌุงูุฒ ุงูุฏุณุชูุฑ ูุชุทุจูู ูุงููู ุณูุณูููุง ,2,2,2
566,ุงูุฃุฌุฏู ุจูุฒูุฑ ุงูุฎุงุฑุฌูุฉ ุฌุจุฑุงู ุจุงุณูู ุงูุฐู ูุณุชุจุณู ูุน ุฑุฆูุณ ุงูุฌูููุฑูุฉ ูุฅุนุงุฏุฉ ุณูุฑูุง ุงูู ุงูุฌุงูุนุฉ ุงูุนุฑุจูุฉ ุฃู ูุฑูุฒ ุฌููุฏู ูุฌููุฏ ุงูุนูุฏ,2,2,2
567,ูุง ุชููุฏ ููุงูู ูุง ุบุจู ,1,0,1
568,ุดู ุงูููุน ููู ุถุงุฑุจู ููููููููููู ,1,2,0
569,ูุฆุงู ููุงุจ ุงูุทุงุฆูู ุณุจู ููุตู ุงููุฑุฃุฉ ุงูุณุนูุฏูุฉ ุจุดูุงู ุงููุญู ููุฃุณู ุงูุฅูุงุฑุงุช ููโฆ ,0,0,0
570,ูุง ูุงุณูู ุงูุฒููู ูุง ุนูุฏูู ุณูููู ุงุฎุฐุช ูููู ุจุฏูู ุญุฏุง ูุณูุช ุชูู ุจุดููุฉ ูุตุงุฑโฆ ,2,1,0
571,ุจุดุงุฑ  ุญุชู ุงูุซูุฑุฉ ูุง ุจูู ุชููุน ูุงู ูุง ูู ุชูุงุฒู ููู ,2,2,2
572,ูุญุชุงุฌ ุงูู ุฑุคููููู ุฌุฏุงุฏ ,2,2,2
573,ูุงููู ุฃูุชู ุฃุบุจู ูุงุณ ุงูุฃุฑุถ ููุงู ูุซู ูุจูุงูู ูููู ููุงูุฉ ุจุงูุทูุงุฑุฉ ุดุฎุงุฎ,1,2,0
574,ุงููุฏู ุฌุจุฑุงู ุจุงุณูู ููุฏูุจ ูุจูุนุงุช ุณูุฑู,2,2,2
575,ุงููู ูุญููููุง ุงููุฒูุฑ ุงููุดูุท,2,2,2
576,ุงู ููููู ุฏููุงุฑ ุงูุชู ุฏูุนุชูุง ูุทุฑ ูู ุขุฎุฑ ุฎุฑุทูุดุฉ ูููุฒูุฑ ุฌุจุฑุงู ุจุงุณูู ูู ูุจุนุจุชู ุจุงููุฑูุจ ุฅูู ุงูุฃูุงู ู ุงูุชู ููุฃุณู ูุฌุงุฑูู ูููุง,2,2,0
577,ุจุญูููู ุจุงูุดุฑู ุจุชุฌุงูุจู ุจุงูุบุฑุจ,1,0,0
578,ุชุตุฑูุญุงุช ุฌุจุฑุงู ุจุงุณูู ูุณุชูููุฉ ูู ุงููุฑุงุฑ ููู ูุฒุงูุฏุฉ,2,2,2
579,ุนูุจ ูุง ุจุฌูุฒ ูุฐุง ุงูุชุฎุงุทุจ ูู ุณูุญุช ูุญูุง ุฃูู ,2,2,2
580,ุฏุฑุฌุงุช ูุชูุงูุชุฉ ุจุงููุตูุตูุฉ ูุง ูุนูู ุฅู ุงูุจูุฏ ุฎุงูู ูู ุงููุตูุต ููู ูุนูู ุฅู ููุงู ูุตูุต ูุจุงุฑ ูุจุงุฑ ููุตูุต ุฃุตุบุฑ,2,2,0
581,ูุง ูู ุญู ุจูุถูุน ูุฎุงุตุฉ ุญู ุงููุธููู ุงููู ูุญููู ูุง ูุจูุฑ ,2,2,2
582,ูุงุฑุณูู ุบุงูู ุงูุชุญุฑ ุฅุนูุงููุงู ููุชู ุธูุฑ ุนู ุทุฑูู ุงูุฎุทุฃ ุจุงูุจุซ ุงููุจุงุดุฑ ุนูู ูุงูุณุจูู ูู ุบููุฉ ููู ูุจุชูููุช ูุงุชู ุฑูุฒ ุนูู ุขุฎุฑ ุงูููุทุน ูุฐุง ุฏูุฏู ุงููุจูุงูููู ุงููุณุงู ุนุณู ู ุงูููุจ ูุฐุฑ ,0,0,0
583,ูู ูุบูุฑู ูู ุงูุนููุงุก ููู ูุณููู ุงููุณูู ุฒุนูุงุก ููุนุฑุจ ูู ุนููุงุก ูุฏู ุงูุตููููู ูุงูุงูุฑููู ููุงูุง ูุฑู ุงุณูู ุฒุนูุงุก ,2,0,0
584,ููู ูุง ูุญุฑููู ูู ุทูู ุงููู ูุญููู ,2,2,1
